a213,A
a213,B
a28,A
a28,B
a487,A
a487,B
a555,A
a555,B
a86,A
a86,B
a786,A
a786,B
a1000,A
a1000,B
a635,A
a635,B
a125,A
a125,B
a833,A
a833,B
a309,A
a309,B
a872,A
a872,B
a107,A
a107,B
a255,A
a255,B
a606,A
a606,B
a857,A
a857,B
a293,A
a293,B
a977,A
a977,B
a297,A
a297,B
a897,A
a897,B
a631,A
a631,B
a486,A
a486,B
a579,A
a579,B
a866,A
a866,B
a77,A
a77,B
a647,A
a647,B
a151,A
a151,B
a903,A
a903,B
a235,A
a235,B
a308,A
a308,B
a831,A
a831,B
a774,A
a774,B
a294,A
a294,B
a64,A
a64,B
a483,A
a483,B
a892,A
a892,B
a12,A
a12,B
a743,A
a743,B
a54,A
a54,B
a642,A
a642,B
a45,A
a45,B
a691,A
a691,B
a122,A
a122,B
a543,A
a543,B
a70,A
a70,B
a411,A
a411,B
a272,A
a272,B
a581,A
a581,B
a4,A
a4,B
a975,A
a975,B
a288,A
a288,B
a195,A
a195,B
a71,A
a71,B
a1025,A
a1025,B
a392,A
a392,B
a772,A
a772,B
a342,A
a342,B
a111,A
a111,B
a961,A
a961,B
a494,A
a494,B
a348,A
a348,B
a474,A
a474,B
a61,A
a61,B
a439,A
a439,B
a9,A
a9,B
a689,A
a689,B
a900,A
a900,B
a867,A
a867,B
a617,A
a617,B
a972,A
a972,B
a992,A
a992,B
a46,A
a46,B
a612,A
a612,B
a243,A
a243,B
a19,A
a19,B
a962,A
a962,B
a404,A
a404,B
a158,A
a158,B
a780,A
a780,B
a112,A
a112,B
a233,A
a233,B
a197,A
a197,B
a614,A
a614,B
a396,A
a396,B
a761,A
a761,B
a751,A
a751,B
a421,A
a421,B
a273,A
a273,B
a144,A
a144,B
a316,A
a316,B
a377,A
a377,B
a878,A
a878,B
a446,A
a446,B
a346,A
a346,B
a671,A
a671,B
a156,A
a156,B
a135,A
a135,B
a210,A
a210,B
a590,A
a590,B
a576,A
a576,B
a608,A
a608,B
a746,A
a746,B
a52,A
a52,B
a724,A
a724,B
a734,A
a734,B
a206,A
a206,B
a370,A
a370,B
a183,A
a183,B
a807,A
a807,B
a106,A
a106,B
a855,A
a855,B
a366,A
a366,B
a175,A
a175,B
a637,A
a637,B
a535,A
a535,B
a164,A
a164,B
a372,A
a372,B
a69,A
a69,B
a512,A
a512,B
a478,A
a478,B
a51,A
a51,B
a416,A
a416,B
a951,A
a951,B
a113,A
a113,B
a736,A
a736,B
a118,A
a118,B
a145,A
a145,B
a921,A
a921,B
a304,A
a304,B
a1001,A
a1001,B
a376,A
a376,B
a275,A
a275,B
a550,A
a550,B
a44,A
a44,B
a858,A
a858,B
a567,A
a567,B
a356,A
a356,B
a755,A
a755,B
a363,A
a363,B
a492,A
a492,B
a291,A
a291,B
a665,A
a665,B
a115,A
a115,B
a602,A
a602,B
a644,A
a644,B
a959,A
a959,B
a290,A
a290,B
a202,A
a202,B
a362,A
a362,B
a269,A
a269,B
a941,A
a941,B
a24,A
a24,B
a264,A
a264,B
a108,A
a108,B
a359,A
a359,B
a1002,A
a1002,B
a444,A
a444,B
a384,A
a384,B
a937,A
a937,B
a704,A
a704,B
a39,A
a39,B
a982,A
a982,B
a705,A
a705,B
a542,A
a542,B
a577,A
a577,B
a369,A
a369,B
a739,A
a739,B
a923,A
a923,B
a553,A
a553,B
a796,A
a796,B
a610,A
a610,B
a957,A
a957,B
a244,A
a244,B
a812,A
a812,B
a378,A
a378,B
a547,A
a547,B
a254,A
a254,B
a189,A
a189,B
a906,A
a906,B
a357,A
a357,B
a72,A
a72,B
a625,A
a625,B
a995,A
a995,B
a965,A
a965,B
a302,A
a302,B
a805,A
a805,B
a56,A
a56,B
a783,A
a783,B
a1011,A
a1011,B
a930,A
a930,B
a401,A
a401,B
a560,A
a560,B
a722,A
a722,B
a461,A
a461,B
a121,A
a121,B
a409,A
a409,B
a545,A
a545,B
a239,A
a239,B
a969,A
a969,B
a11,A
a11,B
a713,A
a713,B
a134,A
a134,B
a414,A
a414,B
a251,A
a251,B
a502,A
a502,B
a343,A
a343,B
a1,A
a1,B
a572,A
a572,B
a578,A
a578,B
a385,A
a385,B
a926,A
a926,B
a808,A
a808,B
a674,A
a674,B
a21,A
a21,B
a5,A
a5,B
a742,A
a742,B
a1031,A
a1031,B
a835,A
a835,B
a146,A
a146,B
a259,A
a259,B
a603,A
a603,B
a499,A
a499,B
a194,A
a194,B
a139,A
a139,B
a573,A
a573,B
a993,A
a993,B
a795,A
a795,B
a954,A
a954,B
a26,A
a26,B
a565,A
a565,B
a632,A
a632,B
a431,A
a431,B
a403,A
a403,B
a57,A
a57,B
a319,A
a319,B
a819,A
a819,B
a338,A
a338,B
a798,A
a798,B
a843,A
a843,B
a173,A
a173,B
a185,A
a185,B
a864,A
a864,B
a489,A
a489,B
a391,A
a391,B
a205,A
a205,B
a387,A
a387,B
a979,A
a979,B
a559,A
a559,B
a241,A
a241,B
a685,A
a685,B
a79,A
a79,B
a678,A
a678,B
a519,A
a519,B
a425,A
a425,B
a744,A
a744,B
a996,A
a996,B
a283,A
a283,B
a728,A
a728,B
a919,A
a919,B
a245,A
a245,B
a777,A
a777,B
a893,A
a893,B
a34,A
a34,B
a540,A
a540,B
a536,A
a536,B
a1026,A
a1026,B
a531,A
a531,B
a918,A
a918,B
a65,A
a65,B
a327,A
a327,B
a465,A
a465,B
a638,A
a638,B
a811,A
a811,B
a896,A
a896,B
a862,A
a862,B
a913,A
a913,B
a703,A
a703,B
a281,A
a281,B
a594,A
a594,B
a459,A
a459,B
a529,A
a529,B
a920,A
a920,B
a123,A
a123,B
a778,A
a778,B
a528,A
a528,B
a383,A
a383,B
a402,A
a402,B
a1005,A
a1005,B
a895,A
a895,B
a888,A
a888,B
a667,A
a667,B
a132,A
a132,B
a215,A
a215,B
a303,A
a303,B
a143,A
a143,B
a265,A
a265,B
a314,A
a314,B
a659,A
a659,B
a91,A
a91,B
a149,A
a149,B
a546,A
a546,B
a557,A
a557,B
a322,A
a322,B
a488,A
a488,B
a397,A
a397,B
a20,A
a20,B
a105,A
a105,B
a1006,A
a1006,B
a810,A
a810,B
a399,A
a399,B
a575,A
a575,B
a497,A
a497,B
a663,A
a663,B
a101,A
a101,B
a717,A
a717,B
a2,A
a2,B
a285,A
a285,B
a523,A
a523,B
a994,A
a994,B
a834,A
a834,B
a58,A
a58,B
a440,A
a440,B
a140,A
a140,B
a873,A
a873,B
a958,A
a958,B
a219,A
a219,B
a514,A
a514,B
a463,A
a463,B
a599,A
a599,B
a779,A
a779,B
a228,A
a228,B
a702,A
a702,B
a636,A
a636,B
a368,A
a368,B
a544,A
a544,B
a538,A
a538,B
a157,A
a157,B
a987,A
a987,B
a279,A
a279,B
a266,A
a266,B
a973,A
a973,B
a931,A
a931,B
a840,A
a840,B
a694,A
a694,B
a773,A
a773,B
a729,A
a729,B
a298,A
a298,B
a393,A
a393,B
a262,A
a262,B
a976,A
a976,B
a775,A
a775,B
a329,A
a329,B
a981,A
a981,B
a204,A
a204,B
a339,A
a339,B
a626,A
a626,B
a967,A
a967,B
a822,A
a822,B
a340,A
a340,B
a458,A
a458,B
a1023,A
a1023,B
a449,A
a449,B
a698,A
a698,B
a874,A
a874,B
a230,A
a230,B
a472,A
a472,B
a141,A
a141,B
a794,A
a794,B
a220,A
a220,B
a92,A
a92,B
a869,A
a869,B
a753,A
a753,B
a936,A
a936,B
a138,A
a138,B
a371,A
a371,B
a710,A
a710,B
a104,A
a104,B
a628,A
a628,B
a853,A
a853,B
a524,A
a524,B
a367,A
a367,B
a75,A
a75,B
a436,A
a436,B
a718,A
a718,B
a476,A
a476,B
a67,A
a67,B
a877,A
a877,B
a163,A
a163,B
a673,A
a673,B
a754,A
a754,B
a789,A
a789,B
a424,A
a424,B
a507,A
a507,B
a935,A
a935,B
a260,A
a260,B
a518,A
a518,B
a825,A
a825,B
a658,A
a658,B
a884,A
a884,B
a349,A
a349,B
a321,A
a321,B
a522,A
a522,B
a1007,A
a1007,B
a160,A
a160,B
a89,A
a89,B
a395,A
a395,B
a803,A
a803,B
a62,A
a62,B
a313,A
a313,B
a616,A
a616,B
a85,A
a85,B
a152,A
a152,B
a417,A
a417,B
a169,A
a169,B
a910,A
a910,B
a741,A
a741,B
a526,A
a526,B
a562,A
a562,B
a427,A
a427,B
a804,A
a804,B
a756,A
a756,B
a883,A
a883,B
a749,A
a749,B
a22,A
a22,B
a137,A
a137,B
a621,A
a621,B
a506,A
a506,B
a814,A
a814,B
a750,A
a750,B
a413,A
a413,B
a620,A
a620,B
a876,A
a876,B
a148,A
a148,B
a716,A
a716,B
a471,A
a471,B
a889,A
a889,B
a791,A
a791,B
a103,A
a103,B
a690,A
a690,B
a527,A
a527,B
a35,A
a35,B
a87,A
a87,B
a904,A
a904,B
a820,A
a820,B
a229,A
a229,B
a495,A
a495,B
a675,A
a675,B
a731,A
a731,B
a655,A
a655,B
a534,A
a534,B
a949,A
a949,B
a410,A
a410,B
a726,A
a726,B
a680,A
a680,B
a95,A
a95,B
a192,A
a192,B
a947,A
a947,B
a932,A
a932,B
a223,A
a223,B
a341,A
a341,B
a605,A
a605,B
a59,A
a59,B
a381,A
a381,B
a802,A
a802,B
a737,A
a737,B
a781,A
a781,B
a622,A
a622,B
a1029,A
a1029,B
a891,A
a891,B
a94,A
a94,B
a692,A
a692,B
a276,A
a276,B
a127,A
a127,B
a646,A
a646,B
a787,A
a787,B
a110,A
a110,B
a493,A
a493,B
a985,A
a985,B
a657,A
a657,B
a317,A
a317,B
a248,A
a248,B
a332,A
a332,B
a613,A
a613,B
a916,A
a916,B
a1019,A
a1019,B
a799,A
a799,B
a604,A
a604,B
a345,A
a345,B
a331,A
a331,B
a650,A
a650,B
a485,A
a485,B
a505,A
a505,B
a681,A
a681,B
a190,A
a190,B
a432,A
a432,B
a109,A
a109,B
a55,A
a55,B
a838,A
a838,B
a180,A
a180,B
a845,A
a845,B
a541,A
a541,B
a837,A
a837,B
a848,A
a848,B
a1009,A
a1009,B
a860,A
a860,B
a1003,A
a1003,B
a498,A
a498,B
a13,A
a13,B
a361,A
a361,B
a902,A
a902,B
a828,A
a828,B
a41,A
a41,B
a250,A
a250,B
a124,A
a124,B
a174,A
a174,B
a177,A
a177,B
a688,A
a688,B
a827,A
a827,B
a641,A
a641,B
a634,A
a634,B
a207,A
a207,B
a585,A
a585,B
a171,A
a171,B
a649,A
a649,B
a504,A
a504,B
a181,A
a181,B
a221,A
a221,B
a740,A
a740,B
a727,A
a727,B
a651,A
a651,B
a991,A
a991,B
a7,A
a7,B
a355,A
a355,B
a842,A
a842,B
a792,A
a792,B
a586,A
a586,B
a225,A
a225,B
a480,A
a480,B
a168,A
a168,B
a952,A
a952,B
a49,A
a49,B
a6,A
a6,B
a672,A
a672,B
a561,A
a561,B
a882,A
a882,B
a256,A
a256,B
a615,A
a615,B
a707,A
a707,B
a450,A
a450,B
a669,A
a669,B
a284,A
a284,B
a184,A
a184,B
a770,A
a770,B
a818,A
a818,B
a186,A
a186,B
a569,A
a569,B
a532,A
a532,B
a443,A
a443,B
a16,A
a16,B
a253,A
a253,B
a839,A
a839,B
a598,A
a598,B
a645,A
a645,B
a448,A
a448,B
a971,A
a971,B
a128,A
a128,B
a364,A
a364,B
a566,A
a566,B
a33,A
a33,B
a249,A
a249,B
a521,A
a521,B
a451,A
a451,B
a815,A
a815,B
a420,A
a420,B
a912,A
a912,B
a757,A
a757,B
a963,A
a963,B
a719,A
a719,B
a859,A
a859,B
a398,A
a398,B
a428,A
a428,B
a445,A
a445,B
a676,A
a676,B
a466,A
a466,B
a500,A
a500,B
a231,A
a231,B
a301,A
a301,B
a968,A
a968,B
a43,A
a43,B
a832,A
a832,B
a679,A
a679,B
a40,A
a40,B
a133,A
a133,B
a759,A
a759,B
a668,A
a668,B
a347,A
a347,B
a286,A
a286,B
a390,A
a390,B
a136,A
a136,B
a333,A
a333,B
a484,A
a484,B
a468,A
a468,B
a482,A
a482,B
a324,A
a324,B
a998,A
a998,B
a933,A
a933,B
a464,A
a464,B
a193,A
a193,B
a217,A
a217,B
a928,A
a928,B
a430,A
a430,B
a1004,A
a1004,B
a823,A
a823,B
a970,A
a970,B
a238,A
a238,B
a27,A
a27,B
a73,A
a73,B
a218,A
a218,B
a725,A
a725,B
a300,A
a300,B
a946,A
a946,B
a525,A
a525,B
a178,A
a178,B
a974,A
a974,B
a909,A
a909,B
a201,A
a201,B
a588,A
a588,B
a365,A
a365,B
a771,A
a771,B
a847,A
a847,B
a849,A
a849,B
a374,A
a374,B
a261,A
a261,B
a116,A
a116,B
a350,A
a350,B
a100,A
a100,B
a240,A
a240,B
a515,A
a515,B
a851,A
a851,B
a358,A
a358,B
a1027,A
a1027,B
a899,A
a899,B
a607,A
a607,B
a639,A
a639,B
a953,A
a953,B
a908,A
a908,B
a863,A
a863,B
a1022,A
a1022,B
a422,A
a422,B
a1018,A
a1018,B
a816,A
a816,B
a763,A
a763,B
a950,A
a950,B
a618,A
a618,B
a270,A
a270,B
a469,A
a469,B
a211,A
a211,B
a187,A
a187,B
a161,A
a161,B
a354,A
a354,B
a63,A
a63,B
a315,A
a315,B
a8,A
a8,B
a624,A
a624,B
a182,A
a182,B
a558,A
a558,B
a752,A
a752,B
a600,A
a600,B
a479,A
a479,B
a90,A
a90,B
a419,A
a419,B
a942,A
a942,B
a758,A
a758,B
a733,A
a733,B
a629,A
a629,B
a721,A
a721,B
a723,A
a723,B
a278,A
a278,B
a292,A
a292,B
a570,A
a570,B
