a259,abortion
a519,abortion
a787,abortion
a529,abortion
a508,abortion
a167,abortion
a272,abortion
a695,abortion
a235,abortion
a813,abortion
a296,abortion
a236,abortion
a556,abortion
a823,abortion
a302,abortion
a303,abortion
a828,abortion
a952,abortion
a831,abortion
a488,abortion
a574,abortion
a904,abortion
a703,abortion
a325,abortion
a583,abortion
a431,abortion
a65,abortion
a589,abortion
a69,abortion
a72,abortion
a862,abortion
a346,abortion
a79,abortion
a955,abortion
a87,abortion
a793,abortion
a613,abortion
a94,abortion
a920,abortion
a880,abortion
a364,abortion
a144,abortion
a104,abortion
a637,abortion
a109,abortion
a720,abortion
a114,abortion
a897,abortion
a116,abortion
a992,abortion
a246,abortion
a908,abortion
a656,abortion
a194,abortion
a136,abortion
a400,abortion
a366,abortion
a279,abortion
a149,abortion
a674,abortion
a932,abortion
a936,abortion
a410,abortion
a458,abortion
a1006,abortion
a28,abortion
a427,abortion
a189,abortion
a143,abortion
a715,abortion
a716,abortion
a159,abortion
a972,abortion
a974,abortion
a725,abortion
a820,abortion
a746,abortion
a857,abortion
a468,abortion
a736,abortion
a1001,abortion
a207,abortion
a747,abortion
a229,abortion
a371,abortion
a1011,abortion
a1014,abortion
a500,abortion
a243,abortion
a509,abortion
a260,evolution
a6,evolution
a213,evolution
a266,evolution
a794,evolution
a540,evolution
a803,evolution
a195,evolution
a810,evolution
a297,evolution
a556,evolution
a557,evolution
a562,evolution
a305,evolution
a317,evolution
a572,evolution
a53,evolution
a54,evolution
a422,evolution
a67,evolution
a224,evolution
a617,evolution
a342,evolution
a345,evolution
a346,evolution
a78,evolution
a81,evolution
a363,evolution
a364,evolution
a144,evolution
a892,evolution
a642,evolution
a377,evolution
a766,evolution
a653,evolution
a70,evolution
a134,evolution
a136,evolution
a402,evolution
a445,evolution
a150,evolution
a679,evolution
a686,evolution
a165,evolution
a169,evolution
a950,evolution
a34,evolution
a970,evolution
a177,evolution
a182,evolution
a635,evolution
a647,evolution
a193,evolution
a448,evolution
a967,evolution
a622,evolution
a202,evolution
a979,evolution
a726,evolution
a261,evolution
a356,evolution
a474,evolution
a740,evolution
a859,evolution
a484,evolution
a231,evolution
a586,evolution
a980,evolution
a931,evolution
a319,evolution
a1019,evolution
a1020,evolution
a762,evolution
a768,evolution
a518,gaymarriage
a259,gaymarriage
a781,gaymarriage
a1009,gaymarriage
a229,gaymarriage
a794,gaymarriage
a534,gaymarriage
a802,gaymarriage
a285,gaymarriage
a807,gaymarriage
a292,gaymarriage
a84,gaymarriage
a780,gaymarriage
a558,gaymarriage
a414,gaymarriage
a309,gaymarriage
a239,gaymarriage
a912,gaymarriage
a59,gaymarriage
a583,gaymarriage
a852,gaymarriage
a857,gaymarriage
a69,gaymarriage
a340,gaymarriage
a861,gaymarriage
a868,gaymarriage
a31,gaymarriage
a87,gaymarriage
a396,gaymarriage
a96,gaymarriage
a358,gaymarriage
a105,gaymarriage
a144,gaymarriage
a574,gaymarriage
a376,gaymarriage
a118,gaymarriage
a122,gaymarriage
a209,gaymarriage
a314,gaymarriage
a620,gaymarriage
a325,gaymarriage
a923,gaymarriage
a937,gaymarriage
a673,gaymarriage
a433,gaymarriage
a678,gaymarriage
a691,gaymarriage
a428,gaymarriage
a58,gaymarriage
a180,gaymarriage
a704,gaymarriage
a958,gaymarriage
a960,gaymarriage
a710,gaymarriage
a712,gaymarriage
a972,gaymarriage
a723,gaymarriage
a549,gaymarriage
a988,gaymarriage
a472,gaymarriage
a736,gaymarriage
a552,gaymarriage
a493,gaymarriage
a497,gaymarriage
a498,gaymarriage
a243,gaymarriage
a792,gaymarriage
a6,guncontrol
a865,guncontrol
a273,guncontrol
a535,guncontrol
a39,guncontrol
a743,guncontrol
a825,guncontrol
a40,guncontrol
a308,guncontrol
a47,guncontrol
a893,guncontrol
a368,guncontrol
a339,guncontrol
a71,guncontrol
a343,guncontrol
a601,guncontrol
a347,guncontrol
a349,guncontrol
a350,guncontrol
a354,guncontrol
a613,guncontrol
a873,guncontrol
a524,guncontrol
a628,guncontrol
a884,guncontrol
a104,guncontrol
a634,guncontrol
a643,guncontrol
a900,guncontrol
a118,guncontrol
a766,guncontrol
a649,guncontrol
a902,guncontrol
a665,guncontrol
a390,guncontrol
a392,guncontrol
a140,guncontrol
a141,guncontrol
a924,guncontrol
a406,guncontrol
a935,guncontrol
a155,guncontrol
a692,guncontrol
a896,guncontrol
a173,guncontrol
a430,guncontrol
a954,guncontrol
a1018,guncontrol
a647,guncontrol
a717,guncontrol
a722,guncontrol
a763,guncontrol
a468,guncontrol
a782,guncontrol
a742,guncontrol
a480,guncontrol
a1003,guncontrol
a1004,guncontrol
a485,guncontrol
a1012,guncontrol
a240,guncontrol
a241,guncontrol
a248,guncontrol
a1029,guncontrol
a846,deathpenalty
a4,deathpenalty
a613,deathpenalty
a787,deathpenalty
a136,deathpenalty
a755,deathpenalty
a343,deathpenalty
a799,deathpenalty
a925,deathpenalty
a897,deathpenalty
a423,deathpenalty
a945,deathpenalty
a285,deathpenalty
a546,deathpenalty
a806,deathpenalty
a549,deathpenalty
a30,deathpenalty
a296,deathpenalty
a105,deathpenalty
a884,deathpenalty
a885,deathpenalty
a301,deathpenalty
a634,deathpenalty
a695,deathpenalty
a647,deathpenalty
a247,deathpenalty
a954,deathpenalty
a956,deathpenalty
a785,deathpenalty
a316,deathpenalty
a707,deathpenalty
a505,deathpenalty
a429,deathpenalty
a766,deathpenalty
a1,abortion
a418,abortion
a778,abortion
a520,abortion
a779,abortion
a122,abortion
a178,abortion
a265,abortion
a534,abortion
a632,abortion
a5,abortion
a802,abortion
a216,abortion
a195,abortion
a555,abortion
a34,abortion
a560,abortion
a304,abortion
a525,abortion
a585,abortion
a629,abortion
a47,abortion
a864,abortion
a391,abortion
a843,abortion
a56,abortion
a393,abortion
a947,abortion
a855,abortion
a756,abortion
a588,abortion
a338,abortion
a598,abortion
a866,abortion
a97,abortion
a885,abortion
a671,abortion
a633,abortion
a370,abortion
a636,abortion
a117,abortion
a642,abortion
a375,abortion
a242,abortion
a118,abortion
a651,abortion
a844,abortion
a910,abortion
a130,abortion
a135,abortion
a137,abortion
a612,abortion
a926,abortion
a678,abortion
a155,abortion
a156,abortion
a941,abortion
a694,abortion
a424,abortion
a177,abortion
a86,abortion
a957,abortion
a680,abortion
a717,abortion
a706,abortion
a206,abortion
a655,abortion
a203,abortion
a204,abortion
a385,abortion
a466,abortion
a261,abortion
a987,abortion
a472,abortion
a991,abortion
a474,abortion
a994,abortion
a218,abortion
a225,abortion
a979,abortion
a752,abortion
a1007,abortion
a754,abortion
a755,abortion
a1013,abortion
a215,abortion
a764,abortion
a496,abortion
a960,abortion
a689,abortion
a1029,abortion
a886,evolution
a122,evolution
a781,evolution
a525,evolution
a527,evolution
a790,evolution
a274,evolution
a799,evolution
a777,evolution
a666,evolution
a20,evolution
a282,evolution
a547,evolution
a549,evolution
a290,evolution
a809,evolution
a296,evolution
a825,evolution
a307,evolution
a566,evolution
a367,evolution
a573,evolution
a322,evolution
a56,evolution
a787,evolution
a251,evolution
a938,evolution
a581,evolution
a918,evolution
a355,evolution
a876,evolution
a361,evolution
a362,evolution
a882,evolution
a658,evolution
a634,evolution
a639,evolution
a51,evolution
a645,evolution
a120,evolution
a907,evolution
a323,evolution
a919,evolution
a920,evolution
a669,evolution
a406,evolution
a678,evolution
a741,evolution
a412,evolution
a61,evolution
a432,evolution
a954,evolution
a440,evolution
a186,evolution
a160,evolution
a447,evolution
a197,evolution
a972,evolution
a203,evolution
a461,evolution
a728,evolution
a75,evolution
a318,evolution
a220,evolution
a1005,evolution
a229,evolution
a555,evolution
a624,evolution
a757,evolution
a240,evolution
a503,evolution
a460,evolution
a1025,evolution
a316,evolution
a528,evolution
a770,evolution
a258,gaymarriage
a830,gaymarriage
a4,gaymarriage
a8,gaymarriage
a790,gaymarriage
a269,gaymarriage
a536,gaymarriage
a280,gaymarriage
a695,gaymarriage
a543,gaymarriage
a546,gaymarriage
a26,gaymarriage
a287,gaymarriage
a739,gaymarriage
a296,gaymarriage
a298,gaymarriage
a560,gaymarriage
a300,gaymarriage
a823,gaymarriage
a864,gaymarriage
a569,gaymarriage
a357,gaymarriage
a573,gaymarriage
a893,gaymarriage
a341,gaymarriage
a54,gaymarriage
a251,gaymarriage
a578,gaymarriage
a853,gaymarriage
a588,gaymarriage
a477,gaymarriage
a224,gaymarriage
a602,gaymarriage
a523,gaymarriage
a607,gaymarriage
a867,gaymarriage
a85,gaymarriage
a837,gaymarriage
a793,gaymarriage
a91,gaymarriage
a625,gaymarriage
a101,gaymarriage
a883,gaymarriage
a366,gaymarriage
a370,gaymarriage
a486,gaymarriage
a643,gaymarriage
a644,gaymarriage
a377,gaymarriage
a242,gaymarriage
a127,gaymarriage
a129,gaymarriage
a112,gaymarriage
a395,gaymarriage
a24,gaymarriage
a667,gaymarriage
a328,gaymarriage
a686,gaymarriage
a694,gaymarriage
a430,gaymarriage
a606,gaymarriage
a439,gaymarriage
a707,gaymarriage
a647,gaymarriage
a444,gaymarriage
a663,gaymarriage
a124,gaymarriage
a706,gaymarriage
a201,gaymarriage
a975,gaymarriage
a203,gaymarriage
a205,gaymarriage
a463,gaymarriage
a468,gaymarriage
a734,gaymarriage
a318,gaymarriage
a1000,gaymarriage
a744,gaymarriage
a1027,gaymarriage
a230,gaymarriage
a980,gaymarriage
a755,gaymarriage
a1019,gaymarriage
a507,gaymarriage
a316,gaymarriage
a772,gaymarriage
a773,guncontrol
a774,guncontrol
a260,guncontrol
a778,guncontrol
a780,guncontrol
a789,guncontrol
a274,guncontrol
a110,guncontrol
a276,guncontrol
a278,guncontrol
a279,guncontrol
a695,guncontrol
a195,guncontrol
a27,guncontrol
a806,guncontrol
a808,guncontrol
a809,guncontrol
a217,guncontrol
a296,guncontrol
a559,guncontrol
a560,guncontrol
a823,guncontrol
a563,guncontrol
a7,guncontrol
a41,guncontrol
a833,guncontrol
a46,guncontrol
a573,guncontrol
a403,guncontrol
a787,guncontrol
a851,guncontrol
a582,guncontrol
a583,guncontrol
a333,guncontrol
a835,guncontrol
a866,guncontrol
a90,guncontrol
a870,guncontrol
a876,guncontrol
a658,guncontrol
a103,guncontrol
a291,guncontrol
a212,guncontrol
a749,guncontrol
a375,guncontrol
a899,guncontrol
a648,guncontrol
a125,guncontrol
a55,guncontrol
a348,guncontrol
a930,guncontrol
a151,guncontrol
a678,guncontrol
a370,guncontrol
a165,guncontrol
a950,guncontrol
a976,guncontrol
a385,guncontrol
a982,guncontrol
a293,guncontrol
a475,guncontrol
a318,guncontrol
a553,guncontrol
a859,guncontrol
a1000,guncontrol
a878,guncontrol
a438,guncontrol
a486,guncontrol
a755,guncontrol
a494,guncontrol
a239,guncontrol
a422,guncontrol
a505,guncontrol
a1030,guncontrol
a257,guncontrol
a346,deathpenalty
a56,deathpenalty
a804,deathpenalty
a908,deathpenalty
a905,deathpenalty
a972,deathpenalty
a318,deathpenalty
a455,deathpenalty
a529,deathpenalty
a420,deathpenalty
a463,deathpenalty
a15,deathpenalty
a274,deathpenalty
a156,deathpenalty
a261,deathpenalty
a835,deathpenalty
a472,deathpenalty
a666,deathpenalty
a118,deathpenalty
a811,deathpenalty
a778,deathpenalty
a22,deathpenalty
a396,deathpenalty
a40,deathpenalty
a617,deathpenalty
a808,deathpenalty
a292,deathpenalty
a747,deathpenalty
a360,deathpenalty
a880,deathpenalty
a512,deathpenalty
a1008,deathpenalty
a950,deathpenalty
a977,deathpenalty
a1016,deathpenalty
a240,deathpenalty
a1022,deathpenalty
a864,deathpenalty
a551,deathpenalty
a842,deathpenalty
a893,deathpenalty
a843,deathpenalty
a710,deathpenalty
