a859,a919,evolution
a686,a899,climatechange
a370,a122,guncontrol
a835,a686,gaymarriage
a399,a823,gaymarriage
a422,a555,existenceofGod
a253,a555,evolution
a876,a318,existenceofGod
a919,a825,marijuanalegalization
a105,a789,guncontrol
a144,a108,gaymarriage
a625,a543,gaymarriage
a651,a680,abortion
a381,a859,evolution
a706,a519,existenceofGod
a105,a497,gaymarriage
a4,a625,gaymarriage
a692,a1003,guncontrol
a230,a370,existenceofGod
a370,a165,abortion
a892,a919,evolution
a960,a790,existenceofGod
a274,a756,gaymarriage
a62,a972,evolution
a56,a406,evolution
a972,a423,deathpenalty
a549,a469,abortion
a695,a778,deathpenalty
a242,a876,gaymarriage
a230,a233,evolution
a644,a205,guncontrol
a972,a279,abortion
a358,a316,gaymarriage
a69,a4,gaymarriage
a377,a242,gaymarriage
a617,a583,abortion
a876,a402,evolution
a251,a122,abortion
a692,a475,guncontrol
a8,a798,gaymarriage
a366,a737,abortion
a105,a274,gaymarriage
a824,a414,gaymarriage
a719,a279,abortion
a929,a543,abortion
a605,a270,evolution
a919,a864,gaymarriage
a370,a634,gaymarriage
a381,a928,evolution
a122,a695,gaymarriage
a261,a319,evolution
a852,a54,abortion
a761,a955,abortion
a259,a105,gaymarriage
a193,a625,gaymarriage
a583,a972,abortion
a105,a364,guncontrol
a892,a892,evolution
a543,a69,gaymarriage
a197,a428,existenceofGod
a491,a486,marijuanalegalization
a928,a1020,evolution
a847,a318,marijuanalegalization
a624,a536,gaymarriage
a549,a332,abortion
a69,a941,gaymarriage
a887,a69,abortion
a762,a342,evolution
a624,a422,existenceofGod
a686,a230,existenceofGod
a695,a647,abortion
a104,a989,abortion
a787,a780,guncontrol
a835,a193,gaymarriage
a551,a539,guncontrol
a259,a366,abortion
a230,a909,evolution
a497,a341,gaymarriage
a105,a486,marijuanalegalization
a69,a319,evolution
a497,a972,gaymarriage
a876,a618,abortion
a215,a464,abortion
a876,a230,evolution
a624,a259,evolution
a72,a509,healthcare
a509,a122,guncontrol
a346,a472,existenceofGod
a739,a4,gaymarriage
a20,a980,evolution
a960,a242,existenceofGod
a500,a899,existenceofGod
a583,a972,existenceofGod
a469,a69,abortion
a829,a928,gaymarriage
a370,a778,abortion
a122,a236,abortion
a122,a430,evolution
a69,a842,communismvscapitalism
a251,a680,abortion
a269,a930,gaymarriage
a319,a756,evolution
a279,a835,deathpenalty
a197,a624,abortion
a484,a230,existenceofGod
a251,a899,guncontrol
a364,a137,abortion
a108,a4,gaymarriage
a364,a105,guncontrol
a251,a686,gaymarriage
a941,a486,abortion
a491,a105,marijuanalegalization
a976,a152,guncontrol
a686,a322,existenceofGod
a864,a25,existenceofGod
a562,a169,existenceofGod
a926,a318,existenceofGod
a268,a347,guncontrol
a385,a876,marijuanalegalization
a468,a279,abortion
a809,a686,existenceofGod
a555,a876,evolution
a950,a69,communismvscapitalism
a935,a692,guncontrol
a1003,a548,gaymarriage
a105,a299,abortion
a790,a342,existenceofGod
a835,a676,guncontrol
a197,a686,abortion
a857,a549,gaymarriage
a253,a729,gaymarriage
a364,a975,deathpenalty
a787,a928,existenceofGod
a128,a695,abortion
a1,a391,gaymarriage
a370,a177,deathpenalty
a341,a105,abortion
a447,a402,evolution
a274,a203,marijuanalegalization
a132,a169,evolution
a632,a230,existenceofGod
a47,a27,guncontrol
a823,a242,communismvscapitalism
a686,a279,abortion
a549,a975,abortion
a508,a122,abortion
a766,a639,deathpenalty
a358,a406,evolution
a370,a370,existenceofGod
a253,a824,gaymarriage
a686,a941,evolution
a230,a632,existenceofGod
a835,a242,communismvscapitalism
a134,a406,evolution
a787,a482,evolution
a982,a982,guncontrol
a105,a739,gaymarriage
a721,a972,evolution
a279,a459,abortion
a715,a673,evolution
a217,a747,deathpenalty
a778,a778,deathpenalty
a406,a62,evolution
a366,a624,abortion
a284,a818,guncontrol
a675,a342,gaymarriage
a197,a544,abortion
a406,a823,evolution
a55,a976,guncontrol
a519,a366,gaymarriage
a686,a972,gaymarriage
a950,a242,gaymarriage
a572,a279,abortion
a857,a625,gaymarriage
a230,a342,existenceofGod
a549,a21,abortion
a279,a316,abortion
a428,a950,existenceofGod
a789,a250,guncontrol
a346,a105,deathpenalty
a230,a527,existenceofGod
a242,a549,gaymarriage
a370,a20,existenceofGod
a695,a876,abortion
a105,a105,gaymarriage
a295,a230,evolution
a4,a497,gaymarriage
a318,a806,gaymarriage
a928,a56,evolution
a364,a197,abortion
a778,a496,deathpenalty
a346,a876,existenceofGod
a737,a549,abortion
a157,a239,gaymarriage
a370,a768,evolution
a624,a867,gaymarriage
a823,a935,guncontrol
a919,a385,marijuanalegalization
a625,a876,gaymarriage
a822,a165,abortion
a625,a274,gaymarriage
a980,a217,evolution
a562,a647,guncontrol
a486,a497,gaymarriage
a251,a980,evolution
a296,a686,existenceofGod
a823,a399,gaymarriage
a255,a255,abortion
a981,a523,gaymarriage
a69,a316,abortion
a423,a955,abortion
a54,a338,evolution
a230,a562,existenceofGod
a919,a101,gaymarriage
a69,a977,deathpenalty
a559,a825,guncontrol
a842,a69,communismvscapitalism
a686,a105,gaymarriage
a950,a930,marijuanalegalization
a123,a647,evolution
a686,a497,gaymarriage
a835,a242,gaymarriage
a835,a217,healthcare
a771,a928,evolution
a165,a105,guncontrol
a427,a534,abortion
a105,a165,guncontrol
a105,a549,deathpenalty
a156,a22,abortion
a69,a555,evolution
a492,a185,gaymarriage
a242,a472,gaymarriage
a549,a239,gaymarriage
a758,a122,abortion
a600,a960,abortion
a423,a857,gaymarriage
a105,a647,deathpenalty
a695,a20,existenceofGod
a242,a239,gaymarriage
a20,a169,existenceofGod
a56,a675,gaymarriage
a843,a706,existenceofGod
a942,a1027,gaymarriage
a689,a316,evolution
a370,a887,abortion
a370,a835,evolution
a96,a472,abortion
a323,a928,evolution
a878,a105,guncontrol
a185,a839,gaymarriage
a243,a135,abortion
a295,a645,evolution
a625,a96,gaymarriage
a45,a853,gaymarriage
a548,a444,gaymarriage
a122,a727,evolution
a928,a355,evolution
a4,a675,gaymarriage
a857,a105,gaymarriage
a778,a969,abortion
a254,a279,abortion
a724,a639,gaymarriage
a242,a969,abortion
a988,a4,gaymarriage
a197,a486,abortion
a445,a864,evolution
a583,a299,abortion
a423,a264,existenceofGod
a789,a935,guncontrol
a551,a581,guncontrol
a549,a686,abortion
a35,a980,evolution
a364,a341,abortion
a857,a56,abortion
a588,a588,gaymarriage
a680,a295,abortion
a259,a197,gaymarriage
a859,a543,gaymarriage
a217,a217,guncontrol
a370,a279,abortion
a197,a366,abortion
a686,a342,healthcare
a617,a264,existenceofGod
a134,a294,evolution
a617,a406,evolution
a105,a1019,gaymarriage
a463,a551,guncontrol
a969,a508,abortion
a370,a259,gaymarriage
a217,a468,guncontrol
a572,a975,abortion
a624,a185,gaymarriage
a1019,a387,gaymarriage
a876,a385,marijuanalegalization
a56,a815,evolution
a105,a972,existenceofGod
a122,a556,gaymarriage
a254,a695,abortion
a406,a316,evolution
a323,a323,evolution
a790,a506,evolution
a122,a75,evolution
a534,a105,guncontrol
a798,a543,gaymarriage
a1003,a647,guncontrol
a880,a793,marijuanalegalization
a780,a463,guncontrol
a864,a259,evolution
a672,a447,existenceofGod
a105,a253,gaymarriage
a758,a543,abortion
a316,a105,guncontrol
a686,a588,gaymarriage
a197,a955,abortion
a955,a761,abortion
a972,a686,gaymarriage
a617,a105,deathpenalty
a279,a950,abortion
a105,a197,abortion
a122,a340,evolution
a459,a197,abortion
a472,a377,existenceofGod
a647,a47,abortion
a128,a835,abortion
a167,a955,abortion
a96,a857,gaymarriage
a625,a342,gaymarriage
a284,a823,guncontrol
a140,a694,gaymarriage
a876,a240,evolution
a157,a87,gaymarriage
a483,a859,evolution
a496,a695,deathpenalty
a972,a585,abortion
a8,a857,gaymarriage
a509,a822,abortion
a695,a128,abortion
a193,a888,gaymarriage
a406,a406,evolution
a899,a475,guncontrol
a754,a941,evolution
a403,a122,evolution
a560,a806,gaymarriage
a955,a853,existenceofGod
a215,a215,abortion
a69,a625,gaymarriage
a647,a695,abortion
a105,a549,existenceofGod
a928,a479,evolution
a549,a444,gaymarriage
a62,a809,evolution
a364,a105,abortion
a342,a634,gaymarriage
a549,a123,evolution
a316,a105,abortion
a618,a831,abortion
a549,a423,gaymarriage
a342,a279,healthcare
a251,a1003,evolution
a428,a296,existenceofGod
a647,a423,deathpenalty
a422,a864,existenceofGod
a835,a497,gaymarriage
a859,a91,gaymarriage
a614,a955,existenceofGod
a381,a876,evolution
a624,a358,gaymarriage
a338,a928,evolution
a562,a686,existenceofGod
a823,a778,communismvscapitalism
a56,a105,gaymarriage
a1019,a864,evolution
a105,a215,abortion
a279,a880,deathpenalty
a543,a859,gaymarriage
a47,a161,guncontrol
a161,a47,guncontrol
a279,a242,gaymarriage
a835,a790,abortion
a197,a972,evolution
a25,a105,existenceofGod
a123,a406,evolution
a870,a475,guncontrol
a500,a230,existenceofGod
a69,a358,evolution
a835,a428,existenceofGod
a406,a715,evolution
a69,a279,abortion
a328,a296,gaymarriage
a4,a105,existenceofGod
a837,a639,gaymarriage
a556,a165,abortion
a358,a543,gaymarriage
a316,a647,guncontrol
a632,a686,existenceofGod
a980,a62,evolution
a377,a377,existenceofGod
a930,a859,gaymarriage
a217,a647,deathpenalty
a197,a1,gaymarriage
a673,a279,abortion
a909,a406,evolution
a370,a1003,guncontrol
a823,a279,climatechange
a377,a264,existenceofGod
a787,a185,gaymarriage
a105,a364,abortion
a739,a193,gaymarriage
a370,a686,abortion
a549,a534,abortion
a296,a864,existenceofGod
a342,a617,evolution
a928,a205,guncontrol
a689,a406,evolution
a459,a105,abortion
a491,a274,marijuanalegalization
a692,a870,guncontrol
a787,a318,communismvscapitalism
a617,a120,evolution
a835,a823,guncontrol
a69,a686,evolution
a982,a644,existenceofGod
a205,a205,guncontrol
a940,a69,abortion
a274,a686,gaymarriage
a328,a543,gaymarriage
a1003,a9,gaymarriage
a867,a197,gaymarriage
a20,a20,existenceofGod
a527,a449,existenceofGod
a876,a381,evolution
a261,a370,abortion
a69,a261,evolution
a686,a55,gaymarriage
a497,a428,existenceofGod
a165,a186,abortion
a122,a509,guncontrol
a685,a255,abortion
a296,a370,gaymarriage
a835,a952,abortion
a505,a56,existenceofGod
a2,a2,evolution
a295,a251,evolution
a695,a737,deathpenalty
a864,a830,existenceofGod
a105,a165,abortion
a239,a242,gaymarriage
a366,a20,abortion
a69,a193,gaymarriage
a676,a333,guncontrol
a253,a61,evolution
a555,a296,evolution
a972,a363,abortion
a342,a695,gaymarriage
a253,a105,gaymarriage
a428,a197,existenceofGod
a422,a318,existenceofGod
a778,a279,abortion
a318,a787,communismvscapitalism
a695,a423,existenceofGod
a835,a475,guncontrol
a182,a182,evolution
a583,a242,existenceofGod
a676,a253,guncontrol
a647,a123,evolution
a338,a757,evolution
a973,a20,abortion
a377,a430,gaymarriage
a857,a358,gaymarriage
a686,a122,existenceofGod
a818,a779,guncontrol
a342,a548,gaymarriage
a230,a823,evolution
a120,a617,evolution
a857,a675,gaymarriage
a843,a926,existenceofGod
a295,a779,existenceofGod
a657,a338,evolution
a230,a449,existenceofGod
a370,a296,gaymarriage
a253,a124,gaymarriage
a549,a952,abortion
a624,a84,gaymarriage
a673,a585,abortion
a251,a370,guncontrol
a105,a4,gaymarriage
a763,a780,guncontrol
a105,a543,abortion
a695,a423,abortion
a549,a357,gaymarriage
a645,a645,evolution
a980,a123,evolution
a194,a398,abortion
a694,a639,gaymarriage
a606,a891,gaymarriage
a644,a806,gaymarriage
a56,a4,gaymarriage
a346,a647,guncontrol
a864,a226,deathpenalty
a468,a122,evolution
a137,a366,abortion
a122,a1003,guncontrol
a193,a423,gaymarriage
a197,a155,abortion
a950,a370,communismvscapitalism
a274,a689,gaymarriage
a955,a4,existenceofGod
a122,a969,abortion
a197,a253,gaymarriage
a122,a242,gaymarriage
a180,a20,gaymarriage
a284,a251,guncontrol
a406,a909,evolution
a49,a370,abortion
a105,a885,abortion
a403,a123,evolution
a695,a542,abortion
a548,a370,gaymarriage
a342,a686,climatechange
a1020,a928,evolution
a864,a505,existenceofGod
a617,a444,gaymarriage
a823,a346,guncontrol
a366,a447,evolution
a279,a197,abortion
a898,a31,abortion
a197,a128,abortion
a859,a77,evolution
a647,a583,abortion
a719,a950,abortion
a61,a296,evolution
a279,a737,abortion
a422,a564,existenceofGod
a617,a366,abortion
a790,a695,existenceofGod
a484,a185,gaymarriage
a919,a644,gaymarriage
a370,a625,gaymarriage
a105,a802,gaymarriage
a4,a279,gaymarriage
a370,a876,evolution
a857,a498,gaymarriage
a268,a268,guncontrol
a242,a548,gaymarriage
a798,a328,gaymarriage
a806,a162,communismvscapitalism
a230,a864,existenceofGod
a406,a642,evolution
a543,a4,gaymarriage
a556,a242,gaymarriage
a383,a20,existenceofGod
a982,a103,guncontrol
a261,a279,abortion
a929,a686,abortion
a1,a988,gaymarriage
a322,a686,existenceofGod
a316,a358,gaymarriage
a475,a221,guncontrol
a672,a919,existenceofGod
a942,a318,existenceofGod
a1,a4,gaymarriage
a342,a823,healthcare
a880,a793,communismvscapitalism
a643,a823,guncontrol
a122,a543,gaymarriage
a981,a20,gaymarriage
a486,a279,abortion
a255,a486,abortion
a423,a165,abortion
a880,a483,evolution
a296,a370,evolution
a950,a647,abortion
a173,a162,evolution
a328,a105,gaymarriage
a972,a880,deathpenalty
a366,a689,abortion
a162,a162,evolution
a543,a729,gaymarriage
a888,a857,gaymarriage
a347,a818,guncontrol
a370,a798,gaymarriage
a31,a543,gaymarriage
a521,a930,gaymarriage
a853,a955,existenceofGod
a919,a741,evolution
a1031,a406,evolution
a835,a128,abortion
a205,a930,guncontrol
a778,a468,abortion
a230,a62,evolution
a385,a919,marijuanalegalization
a56,a625,gaymarriage
a108,a686,gaymarriage
a543,a387,gaymarriage
a108,a423,gaymarriage
a675,a1,gaymarriage
a230,a264,existenceofGod
a492,a124,gaymarriage
a233,a583,evolution
a20,a230,existenceofGod
a296,a328,gaymarriage
a122,a1003,evolution
a205,a780,guncontrol
a950,a737,abortion
a583,a534,evolution
a607,a253,evolution
a864,a624,gaymarriage
a556,a543,gaymarriage
a556,a186,abortion
a431,a279,abortion
a122,a251,abortion
a279,a758,abortion
a876,a843,existenceofGod
a549,a274,gaymarriage
a972,a122,existenceofGod
a328,a798,gaymarriage
a366,a543,abortion
a960,a122,evolution
a391,a543,gaymarriage
a790,a254,abortion
a251,a122,guncontrol
a556,a105,deathpenalty
a543,a259,gaymarriage
a105,a972,abortion
a472,a346,existenceofGod
a253,a197,evolution
a852,a942,gaymarriage
a929,a197,abortion
a695,a472,existenceofGod
a975,a316,deathpenalty
a928,a928,evolution
a33,a919,evolution
a105,a835,guncontrol
a340,a122,evolution
a941,a165,abortion
a684,a982,guncontrol
a680,a910,abortion
a1003,a122,abortion
a279,a812,abortion
a864,a500,existenceofGod
a192,a399,gaymarriage
a876,a787,existenceofGod
a543,a391,gaymarriage
a193,a69,gaymarriage
a233,a230,evolution
a370,a4,gaymarriage
a370,a941,evolution
a909,a892,evolution
a928,a741,evolution
a251,a692,guncontrol
a1,a543,gaymarriage
a857,a144,gaymarriage
a364,a279,abortion
a676,a941,guncontrol
a823,a599,gaymarriage
a553,a835,communismvscapitalism
a423,a4,gaymarriage
a105,a316,gaymarriage
a123,a366,evolution
a500,a864,existenceofGod
a617,a617,abortion
a47,a251,abortion
a230,a122,evolution
a123,a270,evolution
a217,a472,guncontrol
a472,a695,existenceofGod
a952,a105,abortion
a197,a137,abortion
a686,a197,abortion
a197,a105,gaymarriage
a829,a806,gaymarriage
a358,a625,gaymarriage
a521,a26,gaymarriage
a69,a242,gaymarriage
a293,a152,guncontrol
a624,a296,existenceofGod
a543,a366,gaymarriage
a778,a695,abortion
a366,a519,gaymarriage
a562,a342,existenceofGod
a108,a543,gaymarriage
a173,a823,guncontrol
a942,a185,gaymarriage
a643,a165,guncontrol
a624,a780,gaymarriage
a140,a140,deathpenalty
a63,a982,guncontrol
a279,a226,deathpenalty
a261,a835,guncontrol
a632,a972,abortion
a919,a270,evolution
a632,a632,existenceofGod
a20,a180,existenceofGod
a105,a275,guncontrol
a122,a896,healthcare
a928,a825,evolution
a193,a686,gaymarriage
a318,a876,existenceofGod
a607,a414,gaymarriage
a165,a835,abortion
a215,a929,abortion
a444,a549,gaymarriage
a169,a632,existenceofGod
a242,a625,gaymarriage
a296,a105,existenceofGod
a741,a928,evolution
a91,a639,gaymarriage
a370,a624,gaymarriage
a279,a96,abortion
a366,a69,abortion
a162,a639,deathpenalty
a62,a899,evolution
a165,a509,abortion
a859,a185,gaymarriage
a338,a479,evolution
a22,a857,abortion
a338,a483,evolution
a864,a672,existenceofGod
a543,a686,gaymarriage
a47,a122,abortion
a242,a4,gaymarriage
a254,a496,abortion
a980,a790,evolution
a422,a672,existenceofGod
a69,a864,existenceofGod
a864,a950,deathpenalty
a309,a684,guncontrol
a493,a634,gaymarriage
a543,a185,gaymarriage
a758,a758,abortion
a540,a77,evolution
a122,a778,abortion
a707,a639,deathpenalty
a85,a185,gaymarriage
a77,a479,evolution
a928,a829,gaymarriage
a143,a279,abortion
a497,a686,gaymarriage
a624,a197,gaymarriage
a430,a406,evolution
a543,a253,gaymarriage
a919,a852,gaymarriage
a122,a1003,abortion
a197,a259,abortion
a892,a754,evolution
a370,a950,existenceofGod
a122,a899,guncontrol
a217,a316,deathpenalty
a583,a242,gaymarriage
a279,a570,abortion
a122,a169,existenceofGod
a226,a242,gaymarriage
a857,a391,gaymarriage
a549,a790,existenceofGod
a61,a253,evolution
a242,a798,gaymarriage
a230,a370,deathpenalty
a549,a572,abortion
a496,a778,abortion
a465,a639,gaymarriage
a4,a876,gaymarriage
a778,a778,abortion
a864,a240,evolution
a122,a122,existenceofGod
a167,a54,abortion
a72,a758,healthcare
a391,a842,communismvscapitalism
a672,a672,existenceofGod
a617,a165,abortion
a556,a122,abortion
a350,a935,guncontrol
a274,a105,abortion
a632,a549,abortion
a823,a823,evolution
a835,a165,abortion
a549,a981,gaymarriage
a556,a340,gaymarriage
a686,a304,gaymarriage
a469,a647,abortion
a736,a686,gaymarriage
a972,a880,abortion
a20,a20,gaymarriage
a62,a617,evolution
a242,a122,guncontrol
a422,a422,existenceofGod
a274,a625,gaymarriage
a686,a370,gaymarriage
a370,a279,healthcare
a715,a230,evolution
a279,a673,abortion
a857,a534,gaymarriage
a370,a105,deathpenalty
a444,a239,gaymarriage
a885,a940,abortion
a472,a20,gaymarriage
a617,a270,evolution
a249,a370,abortion
a167,a318,existenceofGod
a497,a370,existenceofGod
a87,a242,gaymarriage
a296,a624,existenceofGod
a818,a873,guncontrol
a779,a870,guncontrol
a899,a790,evolution
a69,a96,abortion
a464,a177,abortion
a230,a642,evolution
a4,a428,existenceofGod
a445,a506,existenceofGod
a1003,a370,guncontrol
a689,a279,abortion
a632,a242,existenceofGod
a930,a823,gaymarriage
a264,a617,existenceofGod
a270,a77,evolution
a756,a876,gaymarriage
a205,a982,guncontrol
a980,a617,evolution
a505,a296,existenceofGod
a921,a437,evolution
a259,a864,evolution
a428,a56,existenceofGod
a197,a165,abortion
a122,a370,guncontrol
a275,a105,guncontrol
a318,a843,existenceofGod
a857,a4,gaymarriage
a955,a520,abortion
a898,a259,abortion
a818,a350,guncontrol
a205,a787,communismvscapitalism
a103,a982,guncontrol
a581,a551,guncontrol
a251,a406,evolution
a647,a686,abortion
a531,a105,guncontrol
a377,a472,existenceofGod
a279,a823,climatechange
a122,a692,guncontrol
a165,a549,abortion
a122,a347,guncontrol
a930,a806,gaymarriage
a859,a381,evolution
a926,a843,existenceofGod
a509,a242,abortion
a505,a274,existenceofGod
a876,a928,evolution
a812,a279,abortion
a165,a583,existenceofGod
a428,a316,existenceofGod
a364,a145,evolution
a122,a251,evolution
a823,a1000,healthcare
a686,a543,abortion
a647,a935,guncontrol
a695,a952,abortion
a122,a122,gaymarriage
a342,a625,gaymarriage
a686,a549,abortion
a239,a444,gaymarriage
a825,a928,evolution
a1,a5,gaymarriage
a1003,a20,evolution
a406,a134,evolution
a370,a59,gaymarriage
a230,a506,evolution
a941,a625,gaymarriage
a647,a363,abortion
a364,a543,abortion
a406,a370,evolution
a809,a823,climatechange
a259,a370,gaymarriage
a1025,a162,existenceofGod
a723,a251,gaymarriage
a483,a338,evolution
a845,a639,evolution
a941,a676,guncontrol
a4,a802,gaymarriage
a53,a370,evolution
a616,a358,gaymarriage
a899,a980,evolution
a4,a342,gaymarriage
a20,a370,existenceofGod
a105,a370,deathpenalty
a789,a647,guncontrol
a242,a686,gaymarriage
a486,a105,existenceofGod
a270,a270,evolution
a583,a366,abortion
a4,a739,gaymarriage
a69,a140,deathpenalty
a1003,a230,evolution
a296,a156,deathpenalty
a601,a205,communismvscapitalism
a350,a475,guncontrol
a165,a81,existenceofGod
a512,a686,gaymarriage
a543,a122,gaymarriage
a299,a105,deathpenalty
a941,a279,abortion
a123,a549,evolution
a647,a357,gaymarriage
a77,a77,evolution
a590,a692,guncontrol
a279,a941,abortion
a549,a185,gaymarriage
a686,a835,gaymarriage
a105,a341,abortion
a269,a806,gaymarriage
a625,a423,gaymarriage
a686,a423,gaymarriage
a406,a270,evolution
a647,a346,evolution
a695,a341,abortion
a981,a230,gaymarriage
a543,a279,abortion
a556,a105,abortion
a972,a549,abortion
a344,a1003,guncontrol
a686,a341,gaymarriage
a692,a378,guncontrol
a74,a279,abortion
a242,a823,communismvscapitalism
a96,a975,abortion
a1,a370,gaymarriage
a186,a617,evolution
a357,a647,gaymarriage
a822,a549,abortion
a960,a823,guncontrol
a253,a876,evolution
a447,a447,evolution
a625,a144,gaymarriage
a695,a737,abortion
a122,a823,climatechange
a675,a370,gaymarriage
a270,a892,evolution
a647,a790,evolution
a180,a342,existenceofGod
a69,a177,deathpenalty
a333,a296,guncontrol
a406,a122,evolution
a242,a279,abortion
a387,a1,gaymarriage
a771,a639,evolution
a406,a876,evolution
a274,a928,communismvscapitalism
a105,a370,gaymarriage
a239,a972,gaymarriage
a56,a950,existenceofGod
a268,a1003,guncontrol
a899,a122,guncontrol
a497,a543,gaymarriage
a497,a617,evolution
a279,a366,abortion
a62,a403,evolution
a105,a296,gaymarriage
a658,a333,guncontrol
a536,a543,gaymarriage
a279,a952,abortion
a447,a864,evolution
a815,a1019,evolution
a758,a370,abortion
a556,a370,abortion
a4,a975,deathpenalty
a955,a542,abortion
a209,a340,gaymarriage
a342,a562,existenceofGod
a556,a296,existenceofGod
a341,a135,abortion
a1003,a122,guncontrol
a124,a124,gaymarriage
a230,a75,evolution
a122,a366,abortion
a20,a910,abortion
a406,a69,evolution
a972,a556,gaymarriage
a969,a279,abortion
a253,a370,evolution
a952,a279,abortion
a402,a447,evolution
a1003,a344,guncontrol
a274,a549,abortion
a873,a818,guncontrol
a105,a686,gaymarriage
a558,a857,gaymarriage
a564,a955,existenceofGod
a279,a279,abortion
a825,a741,evolution
a935,a789,guncontrol
a960,a835,guncontrol
a193,a69,evolution
a122,a406,evolution
a472,a291,guncontrol
a316,a346,guncontrol
a737,a543,abortion
a69,a823,deathpenalty
a4,a274,gaymarriage
a779,a475,guncontrol
a370,a254,abortion
a251,a72,healthcare
a193,a4,gaymarriage
a370,a972,deathpenalty
a921,a217,evolution
a20,a295,evolution
a852,a612,abortion
a399,a399,gaymarriage
a342,a342,healthcare
a624,a342,existenceofGod
a560,a639,gaymarriage
a981,a180,gaymarriage
a108,a798,gaymarriage
a864,a69,existenceofGod
a253,a447,evolution
a475,a275,guncontrol
a578,a543,gaymarriage
a928,a892,evolution
a553,a96,guncontrol
a790,a653,evolution
a812,a955,abortion
a919,a101,marijuanalegalization
a909,a941,evolution
a823,a333,guncontrol
a370,a169,evolution
a624,a958,gaymarriage
a643,a975,gaymarriage
a835,a823,deathpenalty
a31,a197,abortion
a364,a747,abortion
a96,a549,abortion
a316,a686,gaymarriage
a497,a193,gaymarriage
a540,a639,evolution
a825,a825,evolution
a105,a878,guncontrol
a105,a689,gaymarriage
a387,a543,gaymarriage
a549,a548,gaymarriage
a695,a135,abortion
a950,a423,abortion
a935,a941,guncontrol
a876,a941,evolution
a96,a549,gaymarriage
a543,a758,abortion
a780,a370,gaymarriage
a205,a205,communismvscapitalism
a122,a980,evolution
a899,a62,evolution
a309,a550,gaymarriage
a899,a308,guncontrol
a928,a33,evolution
a864,a230,existenceofGod
a242,a122,gaymarriage
a928,a381,evolution
a413,a647,existenceofGod
a122,a686,existenceofGod
a423,a864,existenceofGod
a876,a555,evolution
a706,a926,existenceofGod
a589,a197,abortion
a370,a122,existenceofGod
a556,a617,abortion
a274,a491,marijuanalegalization
a842,a56,communismvscapitalism
a316,a823,guncontrol
a780,a624,gaymarriage
a253,a259,gaymarriage
a617,a647,abortion
a449,a472,existenceofGod
a31,a366,abortion
a402,a240,evolution
a463,a581,guncontrol
a825,a876,marijuanalegalization
a864,a296,existenceofGod
a101,a876,marijuanalegalization
a279,a695,abortion
a556,a87,gaymarriage
a955,a812,abortion
a899,a279,climatechange
a370,a47,abortion
a583,a549,abortion
a69,a366,abortion
a366,a96,abortion
a778,a122,abortion
a468,a496,abortion
a186,a123,evolution
a230,a377,gaymarriage
a758,a737,abortion
a20,a715,existenceofGod
a56,a274,existenceofGod
a370,a880,deathpenalty
a391,a4,gaymarriage
a876,a876,evolution
a758,a279,abortion
a259,a955,abortion
a423,a366,abortion
a585,a747,abortion
a169,a132,evolution
a583,a647,existenceofGod
a686,a169,existenceofGod
a370,a279,deathpenalty
a308,a899,guncontrol
a287,a226,gaymarriage
a468,a377,gaymarriage
a823,a976,guncontrol
a876,a634,existenceofGod
a625,a193,gaymarriage
a692,a873,guncontrol
a203,a274,marijuanalegalization
a852,a543,gaymarriage
a626,a422,existenceofGod
a33,a928,evolution
a134,a6,evolution
a328,a625,gaymarriage
a876,a695,abortion
a406,a123,evolution
a69,a342,existenceofGod
a122,a556,abortion
a519,a876,existenceofGod
a899,a230,evolution
a162,a639,evolution
a33,a754,evolution
a787,a876,existenceofGod
a843,a318,existenceofGod
a370,a864,existenceofGod
a430,a779,guncontrol
a644,a639,deathpenalty
a928,a657,evolution
a177,a69,deathpenalty
a815,a815,evolution
a790,a9,gaymarriage
a823,a835,guncontrol
a527,a823,evolution
a105,a549,abortion
a140,a639,gaymarriage
a430,a4,gaymarriage
a825,a852,guncontrol
a562,a980,evolution
a950,a500,evolution
a497,a549,gaymarriage
a495,a955,abortion
a672,a422,existenceofGod
a296,a366,abortion
a957,a686,abortion
a955,a695,abortion
a259,a624,evolution
a85,a318,gaymarriage
a468,a790,evolution
a876,a926,existenceofGod
a279,a1003,deathpenalty
a644,a982,existenceofGod
a903,a370,abortion
a230,a972,evolution
a108,a8,gaymarriage
a564,a85,gaymarriage
a555,a898,abortion
a316,a975,deathpenalty
a695,a122,existenceofGod
a177,a370,deathpenalty
a370,a296,existenceofGod
a647,a647,guncontrol
a445,a617,evolution
a105,a647,abortion
a316,a316,existenceofGod
a928,a422,existenceofGod
a69,a543,gaymarriage
a20,a180,gaymarriage
a185,a624,gaymarriage
a5,a45,gaymarriage
a647,a268,guncontrol
a4,a69,gaymarriage
a358,a675,gaymarriage
a859,a892,evolution
a737,a647,abortion
a864,a673,gaymarriage
a69,a460,evolution
a857,a486,gaymarriage
a928,a197,evolution
a69,a975,gaymarriage
a864,a342,existenceofGod
a430,a122,evolution
a475,a647,guncontrol
a645,a122,evolution
a318,a614,existenceofGod
a251,a35,evolution
a497,a486,gaymarriage
a122,a497,gaymarriage
a242,a87,gaymarriage
a695,a342,existenceofGod
a423,a549,gaymarriage
a647,a880,deathpenalty
a205,a823,guncontrol
a403,a617,evolution
a105,a346,deathpenalty
a205,a559,guncontrol
a1,a358,gaymarriage
a169,a762,evolution
a842,a842,communismvscapitalism
a798,a370,gaymarriage
a729,a891,gaymarriage
a370,a140,deathpenalty
a171,a634,guncontrol
a960,a823,communismvscapitalism
a423,a902,existenceofGod
a955,a737,abortion
a955,a955,abortion
a835,a449,deathpenalty
a364,a815,evolution
a165,a647,abortion
a128,a197,abortion
a423,a617,deathpenalty
a815,a892,evolution
a169,a169,evolution
a171,a316,deathpenalty
a122,a645,evolution
a556,a549,gaymarriage
a969,a695,abortion
a395,a639,gaymarriage
a899,a169,evolution
a338,a919,evolution
a122,a667,gaymarriage
a642,a370,evolution
a279,a4,gaymarriage
a647,a20,abortion
a279,a279,marijuanalegalization
a55,a527,existenceofGod
a739,a316,gaymarriage
a54,a852,abortion
a342,a108,gaymarriage
a506,a960,existenceofGod
a798,a624,gaymarriage
a135,a105,abortion
a825,a162,existenceofGod
a122,a217,evolution
a69,a274,existenceofGod
a955,a105,abortion
a880,a449,deathpenalty
a47,a822,abortion
a695,a122,gaymarriage
a928,a543,evolution
a790,a980,evolution
a653,a132,evolution
a376,a358,gaymarriage
a543,a778,communismvscapitalism
a864,a823,existenceofGod
a383,a695,existenceofGod
a672,a928,existenceofGod
a279,a105,abortion
a358,a1,gaymarriage
a205,a515,guncontrol
a62,a122,evolution
a346,a823,guncontrol
a185,a543,gaymarriage
a751,a135,abortion
a840,a639,marijuanalegalization
a686,a69,gaymarriage
a428,a193,gaymarriage
a274,a955,existenceofGod
a876,a279,abortion
a555,a555,evolution
a423,a647,deathpenalty
a839,a919,gaymarriage
a615,a869,guncontrol
a581,a463,guncontrol
a279,a342,healthcare
a798,a108,gaymarriage
a318,a162,existenceofGod
a279,a885,abortion
a941,a472,abortion
a892,a338,evolution
a295,a370,existenceofGod
a56,a857,gaymarriage
a122,a509,abortion
a296,a229,gaymarriage
a364,a244,evolution
a370,a780,gaymarriage
a556,a583,existenceofGod
a428,a497,existenceofGod
a930,a205,guncontrol
a370,a61,evolution
a1003,a242,guncontrol
a274,a495,abortion
a4,a274,existenceofGod
a253,a543,gaymarriage
a69,a358,gaymarriage
a165,a643,guncontrol
a389,a342,existenceofGod
a975,a549,gaymarriage
a280,a639,gaymarriage
a62,a120,evolution
a928,a876,evolution
a972,a122,gaymarriage
a240,a876,evolution
a318,a825,guncontrol
a859,a876,evolution
a423,a647,abortion
a542,a955,abortion
a105,a625,gaymarriage
a279,a342,gaymarriage
a243,a695,abortion
a919,a859,evolution
a497,a108,gaymarriage
a876,a706,existenceofGod
a486,a941,abortion
a935,a316,guncontrol
a96,a885,abortion
a686,a468,existenceofGod
a823,a921,evolution
a20,a428,existenceofGod
a338,a33,evolution
a686,a8,gaymarriage
a296,a69,evolution
a989,a898,abortion
a230,a790,evolution
a54,a244,evolution
a109,a864,gaymarriage
a45,a5,gaymarriage
a4,a129,gaymarriage
a370,a4,existenceofGod
a294,a62,evolution
a941,a903,abortion
a935,a350,guncontrol
a928,a270,evolution
a857,a140,gaymarriage
a868,a686,gaymarriage
a955,a612,abortion
a364,a928,evolution
a496,a122,abortion
a823,a309,gaymarriage
a549,a723,gaymarriage
a296,a428,existenceofGod
a855,a549,abortion
a251,a794,evolution
a122,a496,abortion
a793,a239,communismvscapitalism
a430,a980,evolution
a758,a790,abortion
a892,a56,evolution
a4,a391,gaymarriage
a169,a62,evolution
a583,a122,existenceofGod
a105,a145,marijuanalegalization
a251,a47,abortion
a279,a364,abortion
a20,a484,gaymarriage
a867,a259,gaymarriage
a239,a556,gaymarriage
a402,a876,evolution
a253,a259,evolution
a835,a880,deathpenalty
a197,a830,existenceofGod
a72,a469,abortion
a859,a852,gaymarriage
a723,a980,gaymarriage
a921,a835,evolution
a383,a972,existenceofGod
a122,a960,evolution
a134,a62,evolution
a497,a556,gaymarriage
a695,a123,evolution
a155,a681,abortion
a242,a20,existenceofGod
a81,a617,existenceofGod
a873,a378,guncontrol
a633,a885,abortion
a69,a857,gaymarriage
a274,a4,gaymarriage
a909,a230,evolution
a972,a695,gaymarriage
a27,a475,guncontrol
a425,a891,gaymarriage
a77,a919,evolution
a459,a279,abortion
a544,a398,abortion
a930,a399,gaymarriage
a928,a54,evolution
a62,a342,evolution
a899,a1003,guncontrol
a6,a423,deathpenalty
a958,a864,gaymarriage
a789,a275,guncontrol
a144,a447,evolution
a840,a639,gaymarriage
a899,a818,guncontrol
a105,a835,marijuanalegalization
a835,a472,guncontrol
a109,a399,gaymarriage
a549,a105,gaymarriage
a715,a169,existenceofGod
a686,a695,gaymarriage
a625,a108,gaymarriage
a980,a20,evolution
a549,a370,gaymarriage
a165,a105,deathpenalty
a1006,a274,abortion
a647,a279,guncontrol
a417,a780,guncontrol
a686,a342,existenceofGod
a396,a806,gaymarriage
a96,a366,abortion
a342,a686,existenceofGod
a505,a370,existenceofGod
a928,a370,existenceofGod
a647,a122,abortion
a259,a259,gaymarriage
a564,a162,existenceofGod
a976,a475,guncontrol
a857,a242,gaymarriage
a545,a825,evolution
a370,a53,evolution
a935,a835,guncontrol
a422,a370,existenceofGod
a105,a475,guncontrol
a928,a852,guncontrol
a370,a215,abortion
a123,a370,evolution
a342,a500,existenceofGod
a221,a692,guncontrol
a296,a543,gaymarriage
a955,a647,abortion
a715,a715,evolution
a279,a719,abortion
a825,a479,evolution
a370,a229,gaymarriage
a69,a280,gaymarriage
a389,a982,existenceofGod
a135,a197,abortion
a185,a919,gaymarriage
a472,a152,guncontrol
a4,a377,gaymarriage
a617,a556,abortion
a617,a403,evolution
a695,a972,abortion
a197,a928,evolution
a692,a818,guncontrol
a186,a239,deathpenalty
a723,a790,gaymarriage
a4,a423,gaymarriage
a835,a105,marijuanalegalization
a122,a605,evolution
a108,a366,gaymarriage
a123,a120,evolution
a319,a319,evolution
a318,a926,existenceofGod
a899,a647,guncontrol
a364,a754,evolution
a509,a370,abortion
a508,a242,abortion
a105,a778,communismvscapitalism
a916,a686,evolution
a778,a543,communismvscapitalism
a20,a972,abortion
a274,a20,existenceofGod
a823,a284,guncontrol
a430,a295,evolution
a259,a852,gaymarriage
a686,a792,gaymarriage
a676,a783,guncontrol
a548,a634,gaymarriage
a969,a686,abortion
a756,a69,evolution
a105,a534,guncontrol
a980,a295,evolution
a837,a162,existenceofGod
a972,a383,existenceofGod
a941,a534,gaymarriage
a543,a787,gaymarriage
a790,a723,gaymarriage
a692,a122,guncontrol
a972,a169,evolution
a340,a242,gaymarriage
a26,a45,gaymarriage
a230,a669,evolution
a105,a366,abortion
a122,a972,existenceofGod
a259,a105,abortion
a20,a651,abortion
a342,a69,evolution
a928,a787,evolution
a941,a754,evolution
a941,a180,existenceofGod
a823,a692,guncontrol
a555,a928,evolution
a617,a186,evolution
a279,a486,abortion
a378,a823,guncontrol
a366,a864,abortion
a599,a550,gaymarriage
a205,a928,guncontrol
a422,a639,evolution
a318,a787,marijuanalegalization
a544,a105,abortion
a4,a4,existenceofGod
a365,a955,abortion
a318,a639,evolution
a549,a72,abortion
a736,a279,abortion
a468,a217,guncontrol
a105,a259,abortion
a370,a903,abortion
a876,a193,gaymarriage
a707,a162,communismvscapitalism
a771,a162,evolution
a919,a33,evolution
a923,a197,gaymarriage
a370,a491,marijuanalegalization
a483,a483,evolution
a692,a251,guncontrol
a695,a692,guncontrol
a919,a672,existenceofGod
a319,a928,evolution
a230,a295,evolution
a122,a370,existenceofGod
a823,a406,evolution
a145,a105,marijuanalegalization
a617,a122,abortion
a242,a981,gaymarriage
a880,a737,abortion
a406,a169,evolution
a316,a475,guncontrol
a35,a122,evolution
a274,a428,existenceofGod
a857,a56,gaymarriage
a823,a197,guncontrol
a275,a835,guncontrol
a55,a686,gaymarriage
a316,a935,guncontrol
a197,a839,gaymarriage
a706,a930,communismvscapitalism
a950,a316,existenceofGod
a758,a758,healthcare
a695,a543,abortion
a980,a723,gaymarriage
a523,a230,gaymarriage
a667,a686,gaymarriage
a825,a639,gaymarriage
a270,a370,evolution
a479,a77,evolution
a123,a468,evolution
a520,a898,abortion
a299,a171,deathpenalty
a497,a694,gaymarriage
a686,a969,abortion
a950,a370,marijuanalegalization
a562,a122,evolution
a258,a928,marijuanalegalization
a497,a242,gaymarriage
a358,a296,evolution
a274,a864,existenceofGod
a555,a253,evolution
a601,a162,communismvscapitalism
a57,a230,evolution
a476,a197,guncontrol
a665,a275,guncontrol
a543,a414,gaymarriage
a969,a778,abortion
a617,a980,evolution
a647,a972,deathpenalty
a823,a618,abortion
a556,a497,gaymarriage
a935,a647,guncontrol
a20,a647,abortion
a366,a105,gaymarriage
a855,a737,abortion
a296,a53,evolution
a864,a55,gaymarriage
a169,a122,existenceofGod
a242,a556,gaymarriage
a625,a941,gaymarriage
a370,a955,existenceofGod
a549,a719,abortion
a308,a823,guncontrol
a617,a899,evolution
a279,a261,abortion
a129,a543,gaymarriage
a543,a543,gaymarriage
a364,a56,deathpenalty
a941,a364,abortion
a843,a787,existenceofGod
a647,a562,guncontrol
a864,a958,gaymarriage
a239,a647,abortion
a876,a377,gaymarriage
a96,a658,guncontrol
a165,a165,abortion
a1025,a639,deathpenalty
a403,a62,evolution
a857,a193,gaymarriage
a318,a205,guncontrol
a534,a686,climatechange
a486,a549,gaymarriage
a370,a123,evolution
a560,a639,deathpenalty
a279,a468,abortion
a56,a428,existenceofGod
a165,a556,deathpenalty
a686,a857,gaymarriage
a686,a96,gaymarriage
a217,a493,gaymarriage
a4,a686,gaymarriage
a972,a583,abortion
a647,a251,guncontrol
a715,a230,existenceofGod
a316,a105,gaymarriage
a423,a423,gaymarriage
a279,a633,abortion
a105,a676,guncontrol
a226,a226,deathpenalty
a647,a105,abortion
a242,a105,existenceofGod
a875,a447,evolution
a316,a364,deathpenalty
a1,a675,gaymarriage
a69,a975,deathpenalty
a370,a249,abortion
a919,a958,gaymarriage
a806,a639,deathpenalty
a366,a543,gaymarriage
a512,a632,deathpenalty
a647,a275,guncontrol
a950,a632,existenceofGod
a919,a876,marijuanalegalization
a370,a549,gaymarriage
a549,a124,gaymarriage
a686,a144,gaymarriage
a806,a806,gaymarriage
a955,a370,existenceofGod
a876,a942,existenceofGod
a506,a122,existenceofGod
a1019,a105,gaymarriage
a975,a505,deathpenalty
a20,a790,existenceofGod
a193,a686,evolution
a930,a543,gaymarriage
a239,a230,deathpenalty
a852,a167,abortion
a4,a358,gaymarriage
a472,a230,existenceofGod
a647,a642,evolution
a823,a463,guncontrol
a169,a20,existenceofGod
a122,a617,evolution
a509,a254,abortion
a686,a197,climatechange
a686,a316,guncontrol
a834,a548,gaymarriage
a279,a341,abortion
a316,a428,existenceofGod
a105,a299,deathpenalty
a122,a122,abortion
a316,a316,deathpenalty
a346,a316,guncontrol
a4,a226,gaymarriage
a928,a919,evolution
a377,a876,gaymarriage
a329,a919,gaymarriage
a892,a639,evolution
a69,a342,evolution
a122,a279,abortion
a692,a284,guncontrol
a444,a695,gaymarriage
a197,a624,gaymarriage
a497,a534,gaymarriage
a644,a639,gaymarriage
a242,a523,gaymarriage
a527,a790,existenceofGod
a798,a486,gaymarriage
a226,a1022,gaymarriage
a695,a719,abortion
a165,a423,abortion
a69,a802,gaymarriage
a686,a667,gaymarriage
a47,a69,abortion
a404,a152,guncontrol
a950,a747,deathpenalty
a1020,a859,evolution
a366,a279,abortion
a295,a685,abortion
a197,a686,climatechange
a122,a950,existenceofGod
a391,a296,deathpenalty
a47,a165,abortion
a780,a825,guncontrol
a695,a562,existenceofGod
a647,a279,abortion
a642,a972,evolution
a756,a543,gaymarriage
a243,a876,abortion
a338,a892,evolution
a338,a825,evolution
a278,a647,guncontrol
a316,a505,existenceofGod
a437,a715,evolution
a56,a323,evolution
a53,a555,evolution
a483,a123,evolution
a647,a549,evolution
a719,a370,abortion
a105,a989,abortion
a279,a823,abortion
a544,a279,abortion
a242,a857,gaymarriage
a859,a422,existenceofGod
a233,a319,evolution
a468,a122,abortion
a543,a486,gaymarriage
a695,a122,evolution
a274,a639,marijuanalegalization
a625,a686,gaymarriage
a822,a509,abortion
a370,a497,existenceofGod
a706,a859,gaymarriage
a543,a857,gaymarriage
a364,a976,guncontrol
a105,a543,gaymarriage
a205,a1018,guncontrol
a815,a56,evolution
a251,a122,evolution
a647,a423,abortion
a122,a617,abortion
a823,a878,guncontrol
a864,a930,gaymarriage
a77,a928,evolution
a762,a169,evolution
a423,a423,deathpenalty
a316,a4,gaymarriage
a787,a926,existenceofGod
a999,a707,gaymarriage
a156,a296,deathpenalty
a562,a230,existenceofGod
a647,a105,guncontrol
a647,a122,existenceofGod
a370,a105,abortion
a704,a4,gaymarriage
a165,a370,abortion
a105,a197,gaymarriage
a242,a279,healthcare
a412,a835,healthcare
a249,a472,abortion
a818,a284,guncontrol
a758,a251,healthcare
a53,a296,evolution
a960,a778,communismvscapitalism
a549,a279,abortion
a123,a169,evolution
a952,a128,abortion
a653,a892,evolution
a1025,a639,gaymarriage
a787,a543,gaymarriage
a159,a261,abortion
a644,a919,gaymarriage
a122,a686,gaymarriage
a370,a583,abortion
a835,a226,gaymarriage
a644,a162,communismvscapitalism
a230,a876,evolution
a852,a955,abortion
a919,a919,existenceofGod
a218,a135,abortion
a509,a122,abortion
a366,a31,abortion
a105,a459,abortion
a370,a370,guncontrol
a338,a54,evolution
a468,a270,evolution
a448,a423,gaymarriage
a647,a472,guncontrol
a56,a505,existenceofGod
a787,a982,existenceofGod
a296,a22,deathpenalty
a428,a370,existenceofGod
a617,a342,evolution
a692,a823,guncontrol
a62,a123,evolution
a625,a69,gaymarriage
a949,a500,evolution
a197,a706,gaymarriage
a295,a980,evolution
a342,a69,existenceofGod
a839,a366,abortion
a123,a617,evolution
a169,a217,evolution
a876,a366,evolution
a527,a55,existenceofGod
a230,a296,existenceofGod
a316,a185,gaymarriage
a647,a165,guncontrol
a398,a751,abortion
a857,a1,gaymarriage
a366,a364,abortion
a205,a852,guncontrol
a69,a96,gaymarriage
a122,a899,existenceofGod
a549,a423,abortion
a676,a935,guncontrol
a892,a859,evolution
a464,a105,abortion
a910,a680,abortion
a686,a647,abortion
a239,a543,gaymarriage
a4,a193,gaymarriage
a69,a197,gaymarriage
a825,a639,deathpenalty
a105,a557,marijuanalegalization
a456,a165,guncontrol
a355,a319,evolution
a555,a689,evolution
a62,a2,evolution
a695,a254,abortion
a686,a69,evolution
a972,a105,abortion
a972,a647,abortion
a567,a357,gaymarriage
a370,a695,abortion
a562,a695,existenceofGod
a108,a105,gaymarriage
a193,a193,gaymarriage
a217,a363,abortion
a342,a230,existenceofGod
a634,a217,deathpenalty
a647,a686,gaymarriage
a6,a342,evolution
a105,a239,deathpenalty
a341,a686,gaymarriage
a556,a423,abortion
a955,a167,abortion
a316,a242,gaymarriage
a497,a497,gaymarriage
a469,a674,abortion
a899,a617,evolution
a105,a25,existenceofGod
a778,a823,communismvscapitalism
a5,a694,gaymarriage
a122,a695,evolution
a919,a706,gaymarriage
a69,a370,gaymarriage
a543,a105,gaymarriage
a318,a639,marijuanalegalization
a215,a197,abortion
a692,a165,guncontrol
a625,a358,gaymarriage
a880,a370,deathpenalty
a240,a447,evolution
a676,a105,guncontrol
a876,a864,evolution
a69,a534,gaymarriage
a549,a534,gaymarriage
a928,a859,evolution
a193,a756,gaymarriage
a20,a549,gaymarriage
a105,a217,guncontrol
a366,a423,abortion
a165,a941,abortion
a941,a686,gaymarriage
a632,a647,gaymarriage
a686,a950,existenceofGod
a233,a69,evolution
a56,a928,evolution
a972,a122,evolution
a279,a790,abortion
a423,a686,gaymarriage
a789,a217,guncontrol
a483,a919,evolution
a802,a849,abortion
a686,a340,gaymarriage
a4,a955,existenceofGod
a972,a686,abortion
a707,a639,gaymarriage
a928,a167,abortion
a549,a583,abortion
a296,a583,existenceofGod
a123,a562,evolution
a876,a625,gaymarriage
a798,a497,gaymarriage
a244,a56,evolution
a105,a952,abortion
a928,a825,guncontrol
a632,a512,deathpenalty
a259,a31,gaymarriage
a1026,a859,evolution
a279,a543,abortion
a497,a950,existenceofGod
a972,a370,deathpenalty
a254,a969,abortion
a347,a268,guncontrol
a56,a56,gaymarriage
a105,a835,gaymarriage
a686,a274,gaymarriage
a274,a140,deathpenalty
a186,a556,abortion
a366,a49,abortion
a370,a423,existenceofGod
a549,a855,abortion
a370,a692,guncontrol
a217,a370,deathpenalty
a197,a253,evolution
a950,a617,evolution
a318,a706,existenceofGod
a880,a542,abortion
a105,a852,gaymarriage
a122,a758,abortion
a197,a589,abortion
a296,a105,gaymarriage
a62,a980,evolution
a617,a497,evolution
a105,a193,gaymarriage
a296,a370,existenceofGod
a296,a391,deathpenalty
a809,a62,evolution
a876,a242,gaymarriage
a226,a4,gaymarriage
a615,a864,gaymarriage
a867,a296,gaymarriage
a447,a876,evolution
a87,a497,gaymarriage
a789,a531,guncontrol
a880,a217,deathpenalty
a253,a628,guncontrol
a180,a876,evolution
a274,a681,abortion
a549,a87,gaymarriage
a757,a928,evolution
a370,a585,abortion
a941,a472,guncontrol
a491,a370,marijuanalegalization
a582,a205,guncontrol
a259,a543,gaymarriage
a475,a284,guncontrol
a383,a169,existenceofGod
a197,a747,abortion
a387,a624,gaymarriage
a20,a686,existenceofGod
a549,a876,gaymarriage
a122,a583,abortion
a835,a719,abortion
a275,a647,guncontrol
a55,a105,marijuanalegalization
a122,a899,evolution
a62,a62,evolution
a253,a253,gaymarriage
a686,a512,gaymarriage
a634,a342,gaymarriage
a370,a505,existenceofGod
a362,a296,evolution
a300,a634,gaymarriage
a279,a778,abortion
a549,a105,deathpenalty
a695,a500,evolution
a549,a69,abortion
a423,a165,deathpenalty
a197,a309,guncontrol
a73,a617,evolution
a793,a363,abortion
a928,a768,evolution
a642,a169,evolution
a342,a391,gaymarriage
a423,a625,gaymarriage
a197,a197,abortion
a333,a562,guncontrol
a370,a49,abortion
a942,a919,gaymarriage
a891,a891,gaymarriage
a318,a644,existenceofGod
a122,a583,existenceofGod
a33,a338,evolution
a835,a105,guncontrol
a780,a982,guncontrol
a768,a370,evolution
a414,a824,gaymarriage
a69,a686,gaymarriage
a857,a274,gaymarriage
a972,a169,existenceofGod
a719,a647,abortion
a295,a430,evolution
a617,a972,evolution
a778,a790,abortion
a366,a754,abortion
a534,a475,guncontrol
a296,a972,existenceofGod
a624,a624,gaymarriage
a950,a370,existenceofGod
a543,a942,gaymarriage
a955,a274,existenceofGod
a588,a686,gaymarriage
a686,a689,evolution
a926,a876,existenceofGod
a274,a56,existenceofGod
a69,a950,communismvscapitalism
a686,a428,gaymarriage
a823,a468,guncontrol
a486,a197,abortion
a543,a798,gaymarriage
a647,a165,abortion
a787,a843,existenceofGod
a823,a342,healthcare
a253,a197,gaymarriage
a715,a823,evolution
a899,a686,existenceofGod
a366,a839,abortion
a381,a919,evolution
a778,a758,abortion
a509,a268,guncontrol
a952,a549,abortion
a853,a269,gaymarriage
a780,a787,guncontrol
a259,a197,abortion
a634,a500,evolution
a308,a242,guncontrol
a193,a366,gaymarriage
a428,a835,existenceofGod
a255,a583,abortion
a653,a123,evolution
a876,a928,existenceofGod
a295,a680,abortion
a534,a122,evolution
a279,a681,abortion
a230,a864,gaymarriage
a69,a497,gaymarriage
a309,a823,guncontrol
a842,a928,communismvscapitalism
a20,a295,abortion
a197,a123,evolution
a950,a719,abortion
a230,a20,gaymarriage
a902,a165,abortion
a607,a729,gaymarriage
a928,a482,evolution
a186,a165,abortion
a20,a972,existenceofGod
a246,a230,existenceofGod
a686,a868,gaymarriage
a165,a165,guncontrol
a279,a549,gaymarriage
a825,a205,guncontrol
a556,a556,gaymarriage
a549,a689,evolution
a62,a880,evolution
a197,a370,abortion
a950,a56,existenceofGod
a549,a105,existenceofGod
a549,a274,abortion
a4,a316,gaymarriage
a242,a254,abortion
a292,a639,deathpenalty
a370,a505,deathpenalty
a292,a639,gaymarriage
a279,a431,abortion
a242,a950,gaymarriage
a366,a542,abortion
a950,a230,existenceofGod
a823,a370,deathpenalty
a1030,a676,communismvscapitalism
a969,a254,abortion
a633,a633,abortion
a647,a719,abortion
a475,a692,guncontrol
a599,a823,gaymarriage
a468,a686,existenceofGod
a864,a1019,evolution
a835,a647,deathpenalty
a928,a43,evolution
a555,a864,existenceofGod
a406,a506,evolution
a633,a279,abortion
a747,a279,deathpenalty
a279,a239,guncontrol
a333,a472,guncontrol
a105,a108,gaymarriage
a486,a798,gaymarriage
a809,a169,evolution
a662,a891,gaymarriage
a169,a122,evolution
a544,a332,abortion
a122,a506,existenceofGod
a472,a676,guncontrol
a692,a639,guncontrol
a20,a981,gaymarriage
a406,a950,evolution
a472,a475,guncontrol
a69,a486,abortion
a122,a230,existenceofGod
a342,a279,gaymarriage
a778,a725,abortion
a542,a855,abortion
a423,a950,abortion
a1003,a430,evolution
a333,a835,guncontrol
a296,a556,existenceofGod
a876,a422,existenceofGod
a818,a870,guncontrol
a169,a562,existenceofGod
a555,a422,existenceofGod
a269,a559,gaymarriage
a1022,a242,gaymarriage
a583,a617,abortion
a274,a686,abortion
a928,a338,evolution
a165,a217,guncontrol
a105,a941,abortion
a955,a950,existenceofGod
a607,a891,gaymarriage
a135,a1006,abortion
a69,a675,gaymarriage
a779,a226,deathpenalty
a217,a642,evolution
a1006,a366,abortion
a31,a31,gaymarriage
a105,a279,abortion
a342,a624,existenceofGod
a171,a747,deathpenalty
a242,a377,gaymarriage
a497,a835,gaymarriage
a763,a639,deathpenalty
a625,a4,gaymarriage
a612,a955,abortion
a497,a105,gaymarriage
a495,a274,abortion
a430,a1003,evolution
a279,a544,abortion
a665,a472,guncontrol
a484,a230,gaymarriage
a447,a919,existenceofGod
a614,a825,existenceofGod
a972,a583,existenceofGod
a950,a226,deathpenalty
a468,a647,guncontrol
a617,a123,evolution
a370,a122,abortion
a135,a243,abortion
a876,a230,gaymarriage
a787,a205,communismvscapitalism
a226,a264,deathpenalty
a647,a1003,guncontrol
a342,a780,gaymarriage
a340,a556,gaymarriage
a823,a553,communismvscapitalism
a9,a686,gaymarriage
a560,a639,evolution
a972,a217,deathpenalty
a790,a497,existenceofGod
a686,a686,gaymarriage
a105,a823,guncontrol
a62,a406,evolution
a459,a165,abortion
a825,a162,evolution
a279,a509,abortion
a406,a980,evolution
a399,a852,gaymarriage
a2,a62,evolution
a634,a686,gaymarriage
a251,a723,gaymarriage
a588,a4,gaymarriage
a737,a695,abortion
a928,a483,evolution
a857,a686,gaymarriage
a2,a617,evolution
a715,a406,evolution
a439,a122,gaymarriage
a226,a835,gaymarriage
a250,a152,guncontrol
a686,a193,gaymarriage
a370,a69,gaymarriage
a618,a876,abortion
a91,a787,gaymarriage
a447,a253,evolution
a105,a370,abortion
a634,a876,existenceofGod
a363,a647,abortion
a823,a715,evolution
a950,a145,evolution
a135,a370,abortion
a686,a739,gaymarriage
a406,a75,evolution
a268,a509,guncontrol
a468,a123,evolution
a230,a1003,evolution
a242,a279,gaymarriage
a406,a892,evolution
a647,a736,abortion
a122,a295,evolution
a275,a789,guncontrol
a902,a165,existenceofGod
a737,a279,abortion
a370,a57,evolution
a790,a778,abortion
a642,a25,existenceofGod
a975,a486,abortion
a790,a506,existenceofGod
a383,a413,existenceofGod
a632,a950,existenceofGod
a229,a358,gaymarriage
a279,a972,abortion
a950,a864,deathpenalty
a20,a342,existenceofGod
a319,a406,evolution
a737,a778,abortion
a651,a20,abortion
a4,a242,gaymarriage
a242,a122,abortion
a577,a787,guncontrol
a108,a342,gaymarriage
a543,a370,gaymarriage
a69,a69,abortion
a8,a370,gaymarriage
a952,a135,abortion
a342,a534,climatechange
a673,a864,gaymarriage
a377,a500,evolution
a715,a715,existenceofGod
a617,a62,evolution
a689,a69,evolution
a695,a122,abortion
a686,a634,gaymarriage
a859,a859,evolution
a794,a122,evolution
a403,a880,evolution
a383,a370,existenceofGod
a318,a162,evolution
a885,a950,marijuanalegalization
a475,a472,guncontrol
a952,a243,abortion
a197,a135,abortion
a358,a229,gaymarriage
a410,a532,abortion
a508,a508,abortion
a835,a835,communismvscapitalism
a366,a215,abortion
a521,a919,gaymarriage
a1011,a549,abortion
a624,a857,gaymarriage
a775,a950,marijuanalegalization
a762,a105,marijuanalegalization
a549,a20,gaymarriage
a381,a381,evolution
a543,a109,gaymarriage
a484,a790,existenceofGod
a624,a798,gaymarriage
a122,a972,evolution
a549,a686,gaymarriage
a316,a165,guncontrol
a296,a61,evolution
a62,a169,evolution
a406,a342,evolution
a169,a123,evolution
a165,a647,guncontrol
a950,a686,existenceofGod
a549,a585,abortion
a316,a370,existenceofGod
a123,a62,evolution
a296,a56,deathpenalty
a316,a625,gaymarriage
a165,a197,abortion
a370,a444,gaymarriage
a583,a105,guncontrol
a612,a852,abortion
a625,a370,gaymarriage
a279,a69,abortion
a181,a639,evolution
a279,a647,deathpenalty
a186,a617,abortion
a122,a794,evolution
a549,a497,gaymarriage
a108,a193,gaymarriage
a173,a162,existenceofGod
a975,a549,abortion
a876,a549,gaymarriage
a122,a370,abortion
a239,a793,communismvscapitalism
a75,a645,evolution
a976,a823,guncontrol
a370,a428,existenceofGod
a835,a835,deathpenalty
a20,a674,abortion
a1006,a135,abortion
a571,a284,guncontrol
a165,a445,evolution
a950,a274,existenceofGod
a346,a647,deathpenalty
a444,a617,gaymarriage
a928,a318,guncontrol
a876,a253,evolution
a105,a316,abortion
a692,a370,guncontrol
a812,a686,abortion
a296,a230,existenceofGod
a647,a217,abortion
a197,a684,guncontrol
a941,a316,abortion
a370,a304,gaymarriage
a779,a295,existenceofGod
a876,a230,existenceofGod
a316,a486,abortion
a643,a472,guncontrol
a864,a377,gaymarriage
a346,a647,evolution
a186,a676,communismvscapitalism
a378,a818,guncontrol
a880,a835,deathpenalty
a205,a763,guncontrol
a859,a84,gaymarriage
a124,a185,gaymarriage
a892,a69,evolution
a178,a105,marijuanalegalization
a737,a778,deathpenalty
a647,a643,guncontrol
a560,a162,existenceofGod
a173,a639,deathpenalty
a370,a675,gaymarriage
a279,a686,abortion
a825,a614,existenceofGod
a653,a500,evolution
a835,a950,evolution
a53,a406,evolution
a556,a686,gaymarriage
a342,a342,gaymarriage
a472,a562,existenceofGod
a793,a279,marijuanalegalization
a543,a358,gaymarriage
a197,a919,gaymarriage
a830,a197,existenceofGod
a809,a950,existenceofGod
a647,a278,guncontrol
a686,a366,abortion
a919,a77,evolution
a625,a105,gaymarriage
a105,a4,existenceofGod
a483,a928,evolution
a870,a571,guncontrol
a321,a122,evolution
a108,a625,gaymarriage
a370,a955,abortion
a444,a634,gaymarriage
a673,a715,evolution
a105,a56,gaymarriage
a255,a279,abortion
a823,a165,guncontrol
a790,a496,abortion
a645,a75,evolution
a864,a197,gaymarriage
a347,a122,guncontrol
a123,a122,evolution
a122,a508,abortion
a101,a185,gaymarriage
a274,a472,marijuanalegalization
a123,a2,evolution
a69,a304,gaymarriage
a69,a180,existenceofGod
a686,a972,abortion
a686,a316,gaymarriage
a835,a274,existenceofGod
a366,a158,abortion
a56,a370,existenceofGod
a230,a756,evolution
a972,a542,abortion
a444,a444,gaymarriage
a442,a279,abortion
a977,a205,guncontrol
a274,a215,abortion
a941,a261,abortion
a647,a899,guncontrol
a790,a123,evolution
a715,a364,evolution
a350,a873,guncontrol
a284,a692,guncontrol
a274,a543,gaymarriage
a928,a842,communismvscapitalism
a955,a981,existenceofGod
a165,a279,abortion
a458,a279,abortion
a950,a62,evolution
a377,a876,existenceofGod
a444,a548,gaymarriage
a230,a809,evolution
a852,a859,gaymarriage
a686,a562,existenceofGod
a217,a950,evolution
a296,a342,existenceofGod
a695,a790,abortion
a486,a543,gaymarriage
a165,a279,deathpenalty
a364,a165,abortion
a423,a556,abortion
a69,a423,gaymarriage
a972,a239,gaymarriage
a122,a2,evolution
a1000,a941,healthcare
a686,a105,abortion
a928,a757,evolution
a358,a358,gaymarriage
a950,a279,abortion
a542,a366,abortion
a876,a825,marijuanalegalization
a197,a543,gaymarriage
a972,a366,abortion
a508,a279,abortion
a880,a647,deathpenalty
a857,a988,gaymarriage
a105,a296,existenceofGod
a779,a430,guncontrol
a358,a857,gaymarriage
a686,a556,gaymarriage
a562,a617,evolution
a264,a377,existenceofGod
a505,a316,existenceofGod
a972,a950,existenceofGod
a899,a342,evolution
a686,a899,existenceofGod
a686,a342,gaymarriage
a459,a370,abortion
a122,a543,abortion
a686,a493,gaymarriage
a123,a403,evolution
a686,a193,evolution
a766,a639,gaymarriage
a497,a634,gaymarriage
a428,a4,existenceofGod
a316,a69,evolution
a242,a20,gaymarriage
a54,a928,evolution
a802,a549,gaymarriage
a848,a639,gaymarriage
a342,a280,gaymarriage
a634,a634,evolution
a366,a686,abortion
a297,a319,evolution
a628,a835,guncontrol
a647,a346,deathpenalty
a56,a498,gaymarriage
a972,a632,abortion
a823,a534,climatechange
a559,a185,gaymarriage
a308,a676,guncontrol
a215,a366,abortion
a230,a778,communismvscapitalism
a242,a124,gaymarriage
a780,a342,gaymarriage
a251,a251,abortion
a309,a399,gaymarriage
a484,a20,gaymarriage
a675,a4,gaymarriage
a279,a747,deathpenalty
a406,a230,evolution
a647,a880,abortion
a423,a448,gaymarriage
a571,a676,guncontrol
a358,a296,gaymarriage
a108,a876,gaymarriage
a647,a217,deathpenalty
a842,a391,communismvscapitalism
a919,a483,evolution
a625,a857,gaymarriage
a316,a406,evolution
a55,a69,gaymarriage
a642,a406,evolution
a87,a569,gaymarriage
a835,a135,abortion
a835,a960,guncontrol
a1003,a295,evolution
a230,a941,evolution
a423,a193,gaymarriage
a684,a309,guncontrol
a928,a852,gaymarriage
a105,a31,abortion
a318,a639,gaymarriage
a251,a20,abortion
a892,a815,evolution
a158,a158,abortion
a647,a647,deathpenalty
a758,a778,abortion
a370,a296,evolution
a815,a768,evolution
a279,a647,abortion
a686,a242,gaymarriage
a197,a802,abortion
a279,a486,marijuanalegalization
a406,a362,evolution
a972,a423,abortion
a377,a20,gaymarriage
a583,a549,gaymarriage
a559,a205,guncontrol
a857,a497,gaymarriage
a590,a370,guncontrol
a739,a105,gaymarriage
a885,a249,abortion
a864,a230,gaymarriage
a823,a852,gaymarriage
a59,a543,gaymarriage
a548,a1003,gaymarriage
a217,a634,evolution
a259,a606,gaymarriage
a617,a134,evolution
a135,a189,abortion
a122,a340,gaymarriage
a230,a523,gaymarriage
a279,a370,abortion
a706,a919,gaymarriage
a226,a364,deathpenalty
a835,a4,gaymarriage
a919,a657,evolution
a534,a975,abortion
a2,a123,evolution
a982,a780,guncontrol
a230,a876,gaymarriage
a617,a445,evolution
a695,a370,abortion
a255,a261,abortion
a773,a69,abortion
a4,a798,gaymarriage
a859,a483,evolution
a583,a642,evolution
a366,a929,abortion
a876,a919,marijuanalegalization
a899,a230,existenceofGod
a647,a737,abortion
a941,a909,evolution
a686,a625,gaymarriage
a342,a389,existenceofGod
a789,a789,guncontrol
a835,a1000,healthcare
a864,a422,existenceofGod
a128,a952,abortion
a370,a950,marijuanalegalization
a859,a1026,evolution
a798,a798,gaymarriage
a162,a162,communismvscapitalism
a165,a459,abortion
a69,a885,abortion
a230,a430,evolution
a859,a1020,evolution
a370,a105,gaymarriage
a135,a695,abortion
a980,a864,evolution
a686,a495,abortion
a239,a617,deathpenalty
a952,a585,abortion
a165,a822,abortion
a233,a857,gaymarriage
a279,a370,deathpenalty
a370,a790,evolution
a667,a122,gaymarriage
a958,a185,gaymarriage
a122,a950,climatechange
a543,a543,abortion
a852,a824,gaymarriage
a165,a789,guncontrol
a230,a484,gaymarriage
a653,a647,evolution
a449,a449,deathpenalty
a318,a318,existenceofGod
a261,a681,abortion
a165,a617,abortion
a366,a108,gaymarriage
a364,a715,evolution
a279,a342,climatechange
a892,a950,evolution
a509,a251,abortion
a217,a531,guncontrol
a296,a555,evolution
a122,a468,abortion
a876,a981,existenceofGod
a296,a950,existenceofGod
a790,a686,existenceofGod
a135,a194,abortion
a185,a859,gaymarriage
a642,a617,evolution
a84,a624,gaymarriage
a715,a835,evolution
a279,a165,abortion
a823,a105,guncontrol
a370,a686,gaymarriage
a217,a835,healthcare
a686,a4,gaymarriage
a950,a105,marijuanalegalization
a802,a105,gaymarriage
a689,a555,evolution
a270,a928,evolution
a84,a185,gaymarriage
a570,a549,abortion
a423,a69,gaymarriage
a835,a316,guncontrol
a279,a689,abortion
a135,a472,abortion
a254,a254,abortion
a251,a230,evolution
a842,a835,communismvscapitalism
a279,a572,abortion
a423,a423,abortion
a982,a976,guncontrol
a35,a430,evolution
a723,a444,gaymarriage
a423,a549,abortion
a950,a296,existenceofGod
a989,a104,abortion
a414,a662,gaymarriage
a105,a762,marijuanalegalization
a1015,a870,guncontrol
a950,a549,marijuanalegalization
a105,a491,marijuanalegalization
a217,a449,deathpenalty
a1027,a942,gaymarriage
a165,a105,abortion
a543,a122,abortion
a647,a955,abortion
a955,a852,abortion
a123,a899,evolution
a31,a520,abortion
a707,a639,evolution
a391,a1,gaymarriage
a342,a790,existenceofGod
a105,a857,gaymarriage
a543,a468,abortion
a835,a105,existenceofGod
a4,a56,gaymarriage
a77,a162,evolution
a855,a423,abortion
a928,a876,existenceofGod
a642,a123,evolution
a497,a625,gaymarriage
a75,a75,evolution
a789,a105,guncontrol
a852,a928,evolution
a600,a370,abortion
a123,a790,evolution
a852,a399,gaymarriage
a928,a77,evolution
a778,a692,guncontrol
a406,a296,evolution
a363,a972,abortion
a857,a543,gaymarriage
a2,a980,evolution
a509,a887,abortion
a4,a108,gaymarriage
a553,a624,communismvscapitalism
a323,a56,evolution
a338,a657,evolution
a549,a122,gaymarriage
a167,a928,abortion
a899,a509,guncontrol
a197,a105,abortion
a472,a165,guncontrol
a346,a377,existenceofGod
a519,a318,existenceofGod
a45,a521,gaymarriage
a122,a695,abortion
a857,a8,gaymarriage
a757,a77,evolution
a549,a261,abortion
a549,a864,abortion
a719,a719,abortion
a391,a857,gaymarriage
a105,a617,deathpenalty
a617,a642,evolution
a577,a780,guncontrol
a120,a695,evolution
a423,a950,deathpenalty
a483,a479,evolution
a543,a105,abortion
a941,a876,evolution
a876,a377,existenceofGod
a377,a468,gaymarriage
a472,a135,abortion
a77,a483,evolution
a486,a4,gaymarriage
a20,a695,existenceofGod
a165,a472,guncontrol
a370,a122,evolution
a217,a122,evolution
a898,a229,abortion
a230,a20,existenceofGod
a825,a639,evolution
a358,a391,gaymarriage
a194,a135,abortion
a790,a527,existenceofGod
a876,a519,existenceofGod
a950,a472,marijuanalegalization
a259,a103,guncontrol
a864,a876,evolution
a617,a186,abortion
a412,a617,evolution
a2,a122,evolution
a279,a1001,abortion
a122,a165,abortion
a370,a217,abortion
a562,a123,evolution
a122,a721,evolution
a105,a274,abortion
a824,a259,gaymarriage
a197,a31,gaymarriage
a892,a928,evolution
a309,a930,gaymarriage
a928,a771,evolution
a972,a370,evolution
a56,a842,communismvscapitalism
a823,a684,guncontrol
a972,a980,evolution
a857,a423,gaymarriage
a675,a857,gaymarriage
a857,a370,gaymarriage
a43,a928,evolution
a497,a439,gaymarriage
a624,a105,gaymarriage
a935,a1003,guncontrol
a230,a686,existenceofGod
a521,a269,gaymarriage
a12,a789,guncontrol
a647,a316,guncontrol
a647,a105,deathpenalty
a197,a279,abortion
a823,a4,guncontrol
a549,a532,abortion
a825,a338,evolution
a165,a1003,abortion
a123,a653,evolution
a919,a543,gaymarriage
a982,a823,guncontrol
a370,a972,evolution
a346,a152,guncontrol
a180,a20,existenceofGod
a444,a87,gaymarriage
a122,a549,gaymarriage
a941,a69,gaymarriage
a239,a165,deathpenalty
a274,a639,gaymarriage
a105,a647,guncontrol
a937,a647,gaymarriage
a105,a950,marijuanalegalization
a972,a270,evolution
a69,a56,communismvscapitalism
a6,a62,evolution
a109,a876,evolution
a686,a548,gaymarriage
a105,a472,guncontrol
a634,a444,gaymarriage
a366,a193,gaymarriage
a624,a370,gaymarriage
a279,a105,marijuanalegalization
a105,a562,guncontrol
a972,a296,existenceofGod
a852,a928,guncontrol
a193,a857,gaymarriage
a634,a634,gaymarriage
a835,a279,deathpenalty
a885,a105,abortion
a789,a239,guncontrol
a624,a835,communismvscapitalism
a370,a135,abortion
a403,a403,evolution
a617,a412,evolution
a230,a447,evolution
a686,a370,abortion
a942,a329,gaymarriage
a127,a56,gaymarriage
a950,a4,existenceofGod
a193,a304,gaymarriage
a928,a471,evolution
a62,a562,evolution
a544,a751,abortion
a364,a366,abortion
a284,a406,guncontrol
a549,a108,gaymarriage
a880,a647,abortion
a583,a255,abortion
a193,a543,gaymarriage
a45,a26,gaymarriage
a122,a562,evolution
a937,a686,gaymarriage
a236,a122,abortion
a230,a955,existenceofGod
a686,a695,existenceofGod
a296,a197,gaymarriage
a876,a859,evolution
a495,a686,abortion
a472,a105,guncontrol
a468,a523,gaymarriage
a140,a857,gaymarriage
a406,a468,evolution
a928,a815,evolution
a62,a134,evolution
a835,a842,communismvscapitalism
a543,a928,evolution
a366,a261,abortion
a165,a284,guncontrol
a880,a972,deathpenalty
a244,a244,evolution
a342,a686,gaymarriage
a20,a74,abortion
a261,a255,abortion
a864,a864,existenceofGod
a695,a686,existenceofGod
a20,a230,gaymarriage
a684,a197,guncontrol
a56,a244,evolution
a84,a859,gaymarriage
a980,a122,evolution
a686,a549,gaymarriage
a873,a692,guncontrol
a977,a639,deathpenalty
a835,a217,deathpenalty
a84,a930,gaymarriage
a913,a84,gaymarriage
a695,a686,gaymarriage
a370,a548,gaymarriage
a969,a509,abortion
a625,a625,gaymarriage
a69,a773,abortion
a543,a737,abortion
a509,a686,abortion
a556,a279,deathpenalty
a370,a366,abortion
a972,a632,existenceofGod
a823,a686,healthcare
a193,a428,gaymarriage
a514,a885,marijuanalegalization
a955,a318,existenceofGod
a647,a239,abortion
a843,a876,existenceofGod
a197,a358,gaymarriage
a254,a509,abortion
a251,a230,communismvscapitalism
a920,a162,communismvscapitalism
a926,a955,existenceofGod
a843,a559,gaymarriage
a406,a445,evolution
a842,a274,communismvscapitalism
a193,a144,gaymarriage
a926,a787,existenceofGod
a1025,a162,evolution
a197,a296,gaymarriage
a706,a843,existenceofGod
a892,a406,evolution
a617,a562,evolution
a342,a642,evolution
a165,a364,abortion
a20,a279,abortion
a919,a185,gaymarriage
a950,a686,climatechange
a1018,a205,guncontrol
a444,a370,gaymarriage
a279,a442,abortion
a242,a9,gaymarriage
a4,a498,gaymarriage
a647,a789,guncontrol
a96,a69,abortion
a790,a20,existenceofGod
a952,a647,abortion
a430,a548,gaymarriage
a981,a377,gaymarriage
a737,a855,abortion
a778,a737,deathpenalty
a686,a108,gaymarriage
a230,a876,existenceofGod
a122,a35,evolution
a105,a165,deathpenalty
a747,a197,abortion
a259,a824,gaymarriage
a486,a495,abortion
a447,a240,evolution
a500,a653,evolution
a692,a647,guncontrol
a197,a364,abortion
a491,a472,marijuanalegalization
a370,a423,gaymarriage
a686,a20,existenceofGod
a370,a719,abortion
a825,a780,guncontrol
a366,a274,abortion
a472,a976,guncontrol
a1019,a197,abortion
a316,a171,deathpenalty
a274,a4,existenceofGod
a543,a239,gaymarriage
a274,a950,existenceofGod
a737,a695,deathpenalty
a617,a239,deathpenalty
a935,a217,guncontrol
a812,a572,abortion
a279,a165,deathpenalty
a823,a643,guncontrol
a768,a555,evolution
a77,a639,evolution
a468,a403,evolution
a105,a242,existenceofGod
a950,a972,existenceofGod
a876,a346,existenceofGod
a556,a122,gaymarriage
a941,a105,abortion
a261,a316,abortion
a105,a279,marijuanalegalization
a264,a864,deathpenalty
a185,a942,gaymarriage
a205,a639,gaymarriage
a686,a695,abortion
a69,a689,evolution
a472,a500,evolution
a928,a364,evolution
a686,a444,gaymarriage
a768,a928,evolution
a366,a122,abortion
a165,a186,deathpenalty
a189,a135,abortion
a498,a105,gaymarriage
a980,a406,evolution
a617,a342,healthcare
a857,a754,abortion
a969,a122,abortion
a675,a69,gaymarriage
a857,a233,gaymarriage
a165,a122,abortion
a193,a105,gaymarriage
a942,a852,gaymarriage
a274,a505,existenceofGod
a274,a105,gaymarriage
a980,a1003,evolution
a822,a122,abortion
a105,a279,deathpenalty
a960,a20,abortion
a253,a253,evolution
a559,a843,gaymarriage
a122,a122,evolution
a780,a205,guncontrol
a406,a689,evolution
a296,a242,existenceofGod
a423,a972,abortion
a583,a296,existenceofGod
a497,a790,existenceofGod
a185,a1027,gaymarriage
a423,a370,gaymarriage
a122,a47,abortion
a319,a233,evolution
a366,a105,abortion
a899,a686,climatechange
a549,a279,marijuanalegalization
a135,a279,abortion
a122,a169,evolution
a251,a350,guncontrol
a316,a370,gaymarriage
a955,a614,existenceofGod
a543,a197,gaymarriage
a647,a468,evolution
a919,a928,evolution
a4,a543,gaymarriage
a976,a316,guncontrol
a647,a475,guncontrol
a165,a239,deathpenalty
a857,a69,gaymarriage
a588,a625,gaymarriage
a737,a758,abortion
a205,a63,guncontrol
a251,a295,evolution
a647,a676,guncontrol
a251,a647,guncontrol
a1003,a692,guncontrol
a686,a798,gaymarriage
a230,a246,existenceofGod
a261,a549,abortion
a695,a342,gaymarriage
a370,a270,evolution
a333,a152,guncontrol
a463,a780,guncontrol
a950,a899,evolution
a364,a941,abortion
a632,a972,existenceofGod
a876,a108,gaymarriage
a549,a279,deathpenalty
a279,a793,marijuanalegalization
a972,a123,evolution
a644,a852,gaymarriage
a632,a169,existenceofGod
a976,a472,guncontrol
a338,a787,evolution
a982,a577,guncontrol
a972,a955,abortion
a919,a338,evolution
a274,a69,deathpenalty
a505,a370,deathpenalty
a695,a239,gaymarriage
a422,a876,existenceofGod
a103,a197,guncontrol
a754,a892,evolution
a61,a240,evolution
a105,a366,gaymarriage
a950,a122,existenceofGod
a469,a549,abortion
a825,a515,guncontrol
a262,a639,gaymarriage
a482,a928,evolution
a105,a544,abortion
a316,a342,gaymarriage
a279,a242,abortion
a686,a647,gaymarriage
a617,a279,abortion
a928,a182,evolution
a852,a913,gaymarriage
a8,a686,gaymarriage
a634,a171,guncontrol
a644,a564,gaymarriage
a49,a366,abortion
a876,a539,guncontrol
a56,a555,evolution
a366,a747,abortion
a539,a876,guncontrol
a969,a242,abortion
a122,a790,abortion
a910,a20,abortion
a647,a279,deathpenalty
a980,a2,evolution
a205,a318,guncontrol
a653,a370,evolution
a617,a294,evolution
a226,a950,deathpenalty
a279,a736,abortion
a941,a689,evolution
a778,a543,abortion
a428,a428,existenceofGod
a972,a105,existenceofGod
a857,a395,gaymarriage
a569,a122,gaymarriage
a775,a423,deathpenalty
a449,a230,existenceofGod
a798,a857,gaymarriage
a259,a253,gaymarriage
a314,a639,gaymarriage
a291,a982,guncontrol
a346,a105,guncontrol
a892,a876,evolution
a876,a447,evolution
a197,a476,guncontrol
a123,a695,evolution
a857,a304,gaymarriage
a919,a447,existenceofGod
a521,a521,gaymarriage
a366,a123,evolution
a864,a549,abortion
a366,a583,abortion
a779,a406,guncontrol
a279,a686,climatechange
a123,a186,evolution
a342,a20,existenceofGod
a279,a105,deathpenalty
a707,a162,evolution
a20,a242,gaymarriage
a185,a549,gaymarriage
a556,a342,healthcare
a123,a123,evolution
a316,a316,abortion
a876,a483,evolution
a370,a197,existenceofGod
a843,a806,gaymarriage
a928,a319,evolution
a229,a898,abortion
a855,a542,abortion
a721,a6,evolution
a674,a20,abortion
a857,a798,gaymarriage
a215,a686,abortion
a69,a681,abortion
a444,a723,gaymarriage
a617,a617,evolution
a634,a549,gaymarriage
a122,a242,abortion
a268,a430,guncontrol
a497,a857,gaymarriage
a471,a928,evolution
a601,a639,deathpenalty
a134,a617,evolution
a295,a20,abortion
a835,a197,abortion
a366,a259,abortion
a549,a105,abortion
a342,a762,evolution
a295,a122,evolution
a261,a159,abortion
a370,a383,existenceofGod
a935,a284,guncontrol
a105,a632,abortion
a975,a96,abortion
a549,a217,gaymarriage
a790,a122,abortion
a295,a1003,evolution
a230,a242,existenceofGod
a185,a185,gaymarriage
a885,a279,abortion
a823,a205,guncontrol
a802,a358,gaymarriage
a26,a422,gaymarriage
a549,a366,abortion
a686,a296,existenceofGod
a171,a37,guncontrol
a444,a686,gaymarriage
a486,a69,abortion
a69,a1019,existenceofGod
a69,a274,deathpenalty
a686,a937,gaymarriage
a549,a885,abortion
a617,a423,deathpenalty
a686,a790,existenceofGod
a624,a197,abortion
a279,a124,gaymarriage
a647,a242,guncontrol
a647,a366,abortion
a197,a259,gaymarriage
a976,a982,guncontrol
a108,a588,gaymarriage
a692,a590,guncontrol
a242,a226,gaymarriage
a982,a205,guncontrol
a941,a244,evolution
a747,a364,abortion
a105,a624,gaymarriage
a483,a876,evolution
a823,a401,guncontrol
a316,a279,abortion
a77,a162,existenceofGod
a230,a686,evolution
a468,a935,guncontrol
a230,a57,evolution
a876,a892,evolution
a972,a62,evolution
a515,a205,guncontrol
a165,a556,abortion
a333,a823,guncontrol
a4,a950,existenceofGod
a919,a839,gaymarriage
a1009,a105,gaymarriage
a217,a972,deathpenalty
a230,a406,evolution
a169,a383,existenceofGod
a484,a20,existenceofGod
a217,a370,abortion
a370,a555,evolution
a230,a715,existenceofGod
a733,a193,gaymarriage
a527,a230,existenceofGod
a583,a632,existenceofGod
a342,a62,evolution
a509,a758,healthcare
a463,a823,guncontrol
a391,a370,gaymarriage
a69,a233,evolution
a695,a279,abortion
a941,a686,evolution
a930,a950,marijuanalegalization
a205,a162,communismvscapitalism
a430,a377,gaymarriage
a274,a314,gaymarriage
a135,a952,abortion
a689,a105,gaymarriage
a509,a47,abortion
a180,a864,existenceofGod
a497,a69,gaymarriage
a555,a53,evolution
a165,a556,existenceofGod
a217,a165,guncontrol
a239,a531,guncontrol
a422,a787,existenceofGod
a942,a543,gaymarriage
a279,a880,abortion
a304,a534,gaymarriage
a758,a242,abortion
a864,a264,deathpenalty
a647,a972,abortion
a53,a686,evolution
a831,a618,abortion
a22,a296,deathpenalty
a995,a892,evolution
a695,a383,existenceofGod
a140,a69,deathpenalty
a686,a342,climatechange
a185,a958,gaymarriage
a294,a950,evolution
a105,a346,guncontrol
a1,a105,gaymarriage
a757,a338,evolution
a509,a165,abortion
a370,a778,communismvscapitalism
a876,a4,gaymarriage
a406,a677,evolution
a475,a350,guncontrol
a105,a747,deathpenalty
a350,a692,guncontrol
a864,a506,evolution
a823,a230,evolution
a423,a108,gaymarriage
a941,a197,abortion
a428,a274,existenceofGod
a624,a706,gaymarriage
a370,a217,deathpenalty
a790,a363,evolution
a279,a410,abortion
a935,a468,guncontrol
a715,a20,existenceofGod
a825,a318,guncontrol
a123,a197,evolution
a370,a203,marijuanalegalization
a653,a169,evolution
a370,a197,abortion
a366,a549,abortion
a549,a430,gaymarriage
a768,a56,evolution
a447,a672,existenceofGod
a472,a643,guncontrol
a542,a423,abortion
a169,a686,existenceofGod
a642,a261,evolution
a686,a543,gaymarriage
a215,a274,abortion
a230,a472,existenceofGod
a585,a952,abortion
a876,a644,existenceofGod
a122,a242,existenceofGod
a342,a675,gaymarriage
a497,a4,gaymarriage
a346,a346,existenceofGod
a377,a899,existenceofGod
a778,a370,abortion
a737,a542,abortion
a885,a69,abortion
a624,a387,gaymarriage
a483,a77,evolution
a779,a647,guncontrol
a719,a686,abortion
a835,a333,guncontrol
a790,a62,evolution
a876,a876,gaymarriage
a778,a737,abortion
a444,a556,gaymarriage
a279,a549,abortion
a340,a122,gaymarriage
a859,a919,gaymarriage
a556,a823,healthcare
a269,a521,gaymarriage
a583,a165,existenceofGod
a339,a982,guncontrol
a747,a105,deathpenalty
a342,a864,existenceofGod
a1,a857,gaymarriage
a165,a617,evolution
a859,a928,evolution
a259,a31,abortion
a634,a548,gaymarriage
a333,a316,guncontrol
a549,a583,gaymarriage
a955,a197,abortion
a950,a428,existenceofGod
a686,a215,abortion
a342,a279,climatechange
a980,a980,evolution
a543,a108,gaymarriage
a193,a436,gaymarriage
a823,a982,guncontrol
a279,a835,healthcare
a618,a823,abortion
a543,a686,abortion
a197,a852,gaymarriage
a975,a279,abortion
a689,a366,abortion
a486,a279,marijuanalegalization
a952,a876,abortion
a780,a417,guncontrol
a370,a295,existenceofGod
a56,a955,abortion
a930,a919,marijuanalegalization
a1003,a122,evolution
a4,a4,gaymarriage
a182,a364,evolution
a370,a274,existenceofGod
a422,a639,gaymarriage
a686,a534,guncontrol
a624,a864,gaymarriage
a268,a873,guncontrol
a835,a20,existenceofGod
a617,a556,deathpenalty
a4,a105,gaymarriage
a899,a122,existenceofGod
a370,a928,existenceofGod
a4,a857,gaymarriage
a103,a823,guncontrol
a406,a779,guncontrol
a876,a406,evolution
a559,a269,gaymarriage
a122,a980,abortion
a852,a919,gaymarriage
a617,a122,evolution
a903,a105,abortion
a835,a105,gaymarriage
a242,a122,existenceofGod
a497,a342,gaymarriage
a980,a122,abortion
a1003,a370,abortion
a472,a793,marijuanalegalization
a105,a1006,abortion
a105,a259,gaymarriage
a585,a279,deathpenalty
a430,a69,abortion
a928,a323,evolution
a950,a823,climatechange
a56,a686,gaymarriage
a108,a144,gaymarriage
a197,a823,guncontrol
a253,a240,evolution
a647,a346,guncontrol
a215,a105,abortion
a583,a556,existenceofGod
a864,a919,gaymarriage
a899,a342,existenceofGod
a177,a898,abortion
a358,a624,gaymarriage
a790,a279,abortion
a794,a122,gaymarriage
a105,a556,abortion
a715,a437,evolution
a21,a21,abortion
a972,a647,deathpenalty
a792,a340,gaymarriage
a981,a981,gaymarriage
a279,a255,abortion
a342,a169,existenceofGod
a279,a178,abortion
a719,a835,abortion
a366,a240,evolution
a226,a449,deathpenalty
a736,a972,abortion
a876,a243,abortion
