a731,i0
a45,i0
a35,i0
a463,i0
a576,i0
a243,i0
a2,i0
a311,i0
a369,i0
a926,i0
a855,i0
a111,i0
a624,i0
a796,i0
a698,i0
a930,i0
a673,i0
a184,i0
a588,i0
a958,i0
a205,i0
a201,i0
a414,i0
a885,i0
a567,i0
a57,i0
a960,i0
a95,i0
a428,i0
a787,i0
a4,i0
a144,i0
a849,i0
a101,i0
a779,i0
a239,i0
a633,i0
a773,i0
a840,i0
a209,i0
a424,i0
a902,i0
a92,i0
a858,i0
a751,i0
a358,i0
a449,i0
a694,i0
a78,i0
a280,i0
a502,i0
a1007,i0
a275,i0
a561,i0
a727,i0
a802,i0
a665,i0
a418,i0
a642,i0
a625,i0
a109,i0
a156,i0
a299,i0
a97,i0
a134,i0
a161,i0
a651,i0
a200,i0
a564,i0
a898,i0
a444,i0
a835,i0
a436,i0
a70,i0
a910,i0
a1022,i0
a127,i0
a932,i0
a892,i0
a903,i0
a229,i0
a891,i0
a226,i0
a75,i0
a815,i0
a793,i0
a169,i0
a616,i0
a292,i0
a497,i0
a589,i0
a639,i0
a959,i0
a968,i0
a923,i0
a356,i0
a382,i0
a499,i0
a217,i0
a498,i0
a936,i0
a974,i0
a58,i0
a157,i0
a465,i0
a845,i0
a566,i0
a363,i0
a532,i0
a65,i0
a432,i0
a739,i0
a284,i0
a269,i0
a770,i0
a164,i0
a322,i0
a500,i0
a316,i0
a919,i0
a976,i0
a825,i0
a180,i0
a323,i0
a430,i0
a852,i0
a26,i0
a614,i0
a740,i0
a372,i0
a339,i0
a692,i0
a596,i0
a519,i0
a461,i0
a145,i0
a254,i0
a626,i0
a869,i0
a233,i0
a328,i0
a84,i0
a393,i0
a950,i0
a795,i0
a867,i0
a63,i0
a264,i0
a410,i0
a582,i0
a676,i0
a202,i0
a445,i0
a688,i0
a344,i0
a67,i0
a794,i0
a988,i0
a935,i0
a686,i0
a181,i0
a304,i0
a219,i0
a674,i0
a167,i0
a72,i0
a450,i0
a124,i0
a55,i0
a230,i0
a549,i0
a89,i0
a675,i0
a669,i0
a218,i0
a342,i0
a515,i0
a989,i0
a383,i0
a152,i0
a278,i0
a786,i0
a33,i0
a743,i0
a715,i0
a1000,i0
a947,i0
a296,i0
a108,i0
a618,i0
a681,i0
a551,i0
a86,i0
a274,i0
a792,i0
a857,i0
a790,i0
a599,i0
a721,i0
a374,i0
a1031,i0
a258,i0
a165,i0
a531,i0
a188,i0
a684,i0
a880,i0
a607,i0
a777,i0
a834,i0
a1012,i0
a210,i0
a177,i0
a11,i0
a830,i0
a832,i0
a571,i0
a25,i0
a508,i0
a193,i0
a377,i0
a778,i0
a413,i0
a783,i0
a918,i0
a77,i0
a194,i0
a763,i0
a895,i0
a401,i0
a456,i0
a238,i0
a129,i0
a505,i0
a178,i0
a853,i0
a877,i0
a713,i0
a791,i0
a526,i0
a476,i0
a332,i0
a20,i0
a16,i0
a216,i0
a762,i0
a514,i0
a921,i0
a553,i0
a317,i0
a707,i0
a291,i0
a913,i0
a365,i0
a43,i0
a262,i0
a69,i0
a704,i0
a96,i0
a982,i0
a940,i0
a888,i0
a562,i0
a242,i0
a946,i0
a355,i0
a667,i0
a468,i0
a1015,i0
a215,i0
a608,i0
a1020,i0
a402,i0
a1018,i0
a472,i0
a775,i0
a54,i0
a303,i0
a1026,i0
a724,i0
a995,i0
a494,i0
a399,i0
a824,i0
a1003,i0
a203,i0
a357,i0
a220,i0
a331,i0
a563,i0
a448,i0
a748,i0
a987,i0
a464,i0
a548,i0
a992,i0
a1009,i0
a718,i0
a557,i0
a597,i0
a679,i0
a31,i0
a1006,i0
a896,i0
a706,i0
a803,i0
a253,i0
a442,i0
a1025,i0
a132,i0
a615,i0
a486,i0
a482,i0
a64,i0
a190,i0
a822,i0
a115,i0
a737,i0
a27,i0
a350,i0
a899,i0
a539,i0
a491,i0
a319,i0
a315,i0
a12,i0
a851,i0
a789,i0
a758,i0
a100,i0
a977,i0
a49,i0
a46,i0
a901,i0
a41,i0
a112,i0
a314,i0
a859,i0
a741,i0
a53,i0
a819,i0
a104,i0
a295,i0
a810,i0
a829,i0
a171,i0
a404,i0
a590,i0
a7,i0
a962,i0
a920,i0
a570,i0
a419,i0
a996,i0
a680,i0
a492,i0
a309,i0
a22,i0
a117,i0
a391,i0
a620,i0
a747,i0
a466,i0
a712,i0
a87,i0
a658,i0
a578,i0
a182,i0
a843,i0
a604,i0
a235,i0
a255,i0
a270,i0
a128,i0
a520,i0
a496,i0
a938,i0
a1030,i0
a189,i0
a744,i0
a559,i0
a135,i0
a479,i0
a805,i0
a366,i0
a51,i0
a259,i0
a645,i0
a556,i0
a236,i0
a440,i0
a991,i0
a439,i0
a160,i0
a689,i0
a882,i0
a174,i0
a21,i0
a555,i0
a993,i0
a281,i0
a387,i0
a941,i0
a757,i0
a722,i0
a705,i0
a423,i0
a417,i0
a842,i0
a411,i0
a163,i0
a266,i0
a542,i0
a341,i0
a828,i0
a471,i0
a302,i0
a19,i0
a928,i0
a643,i0
a672,i0
a878,i0
a579,i0
a521,i0
a273,i0
a422,i0
a105,i0
a827,i0
a655,i0
a812,i0
a138,i0
a186,i0
a347,i0
a653,i0
a348,i0
a398,i0
a228,i0
a818,i0
a657,i0
a719,i0
a550,i0
a631,i0
a378,i0
a766,i0
a957,i0
a425,i0
a47,i0
a462,i0
a338,i0
a677,i0
a839,i0
a820,i0
a605,i0
a736,i0
a886,i0
a162,i0
a535,i0
a632,i0
a221,i0
a1001,i0
a577,i0
a123,i0
a362,i0
a488,i0
a600,i0
a629,i0
a73,i0
a798,i0
a583,i0
a671,i0
a601,i0
a294,i0
a389,i0
a994,i0
a1011,i0
a875,i0
a909,i0
a300,i0
a475,i0
a999,i0
a972,i0
a887,i0
a761,i0
a451,i0
a421,i0
a8,i0
a656,i0
a644,i0
a483,i0
a276,i0
a321,i0
a648,i0
a56,i0
a250,i0
a848,i0
a409,i0
a81,i0
a68,i0
a79,i0
a725,i0
a290,i0
a1010,i0
a506,i0
a708,i0
a175,i0
a370,i0
a523,i0
a287,i0
a809,i0
a9,i0
a39,i0
a459,i0
a38,i0
a816,i0
a484,i0
a431,i0
a916,i0
a279,i0
a308,i0
a91,i0
a403,i0
a183,i0
a345,i0
a512,i0
a585,i0
a536,i0
a543,i0
a915,i0
a756,i0
a173,i0
a495,i0
a937,i0
a650,i0
a318,i0
a192,i0
a248,i0
a469,i0
a860,i0
a159,i0
a143,i0
a368,i0
a647,i0
a806,i0
a823,i0
a340,i0
a929,i0
a293,i0
a975,i0
a534,i0
a606,i0
a364,i0
a1027,i0
a545,i0
a59,i0
a155,i0
a1,i0
a503,i0
a980,i0
a527,i0
a385,i0
a42,i0
a862,i0
a487,i0
a437,i0
a333,i0
a873,i0
a395,i0
a408,i0
a847,i0
a963,i0
a5,i0
a272,i0
a513,i0
a733,i0
a628,i0
a458,i0
a185,i0
a13,i0
a244,i0
a288,i0
a998,i0
a140,i0
a981,i0
a612,i0
a540,i0
a376,i0
a460,i0
a685,i0
a837,i0
a581,i0
a876,i0
a427,i0
a158,i0
a558,i0
a283,i0
a103,i0
a71,i0
a985,i0
a831,i0
a522,i0
a37,i0
a261,i0
a955,i0
a249,i0
a970,i0
a635,i0
a594,i0
a406,i0
a122,i0
a474,i0
a904,i0
a329,i0
a973,i0
a447,i0
a240,i0
a6,i0
a572,i0
a197,i0
a313,i0
a346,i0
a223,i0
a396,i0
a85,i0
a426,i0
a256,i0
a524,i0
a141,i0
a62,i0
a641,i0
a298,i0
a381,i0
a375,i0
a870,i0
a723,i0
a636,i0
a754,i0
a297,i0
a137,i0
a729,i0
a246,i0
a768,i0
a518,i0
a493,i0
a931,i0
a113,i0
a265,i0
a61,i0
a868,i0
a969,i0
a942,i0
a569,i0
a634,i0
a864,i0
a509,i0
a662,i0
a952,i0
a74,i0
a28,i0
a1019,i0
a501,i0
a544,i0
a268,i0
a951,i0
a397,i0
a120,i0
a251,i0
a695,i0
a716,i0
a961,i0
a780,i0
a771,i0
a110,i0
a575,i0
a565,i0
a560,i0
a1023,i0
a206,i0
a412,i0
a617,i0
a949,i0
a731,i1
a45,i1
a35,i1
a463,i1
a576,i1
a243,i1
a2,i1
a311,i1
a369,i1
a926,i1
a855,i1
a111,i1
a624,i1
a796,i1
a698,i1
a930,i1
a673,i1
a184,i1
a588,i1
a958,i1
a205,i1
a201,i1
a414,i1
a885,i1
a567,i1
a57,i1
a960,i1
a95,i1
a428,i1
a787,i1
a4,i1
a144,i1
a849,i1
a101,i1
a779,i1
a239,i1
a633,i1
a773,i1
a840,i1
a209,i1
a424,i1
a902,i1
a92,i1
a858,i1
a751,i1
a358,i1
a449,i1
a694,i1
a78,i1
a280,i1
a502,i1
a1007,i1
a275,i1
a561,i1
a727,i1
a802,i1
a665,i1
a418,i1
a642,i1
a625,i1
a109,i1
a156,i1
a299,i1
a97,i1
a134,i1
a161,i1
a651,i1
a200,i1
a564,i1
a898,i1
a444,i1
a835,i1
a436,i1
a70,i1
a910,i1
a1022,i1
a127,i1
a932,i1
a892,i1
a903,i1
a229,i1
a891,i1
a226,i1
a75,i1
a815,i1
a793,i1
a169,i1
a616,i1
a292,i1
a497,i1
a589,i1
a639,i1
a959,i1
a968,i1
a923,i1
a356,i1
a382,i1
a499,i1
a217,i1
a498,i1
a936,i1
a974,i1
a58,i1
a157,i1
a465,i1
a845,i1
a566,i1
a363,i1
a532,i1
a65,i1
a432,i1
a739,i1
a284,i1
a269,i1
a770,i1
a164,i1
a322,i1
a500,i1
a316,i1
a919,i1
a976,i1
a825,i1
a180,i1
a323,i1
a430,i1
a852,i1
a26,i1
a614,i1
a740,i1
a372,i1
a339,i1
a692,i1
a596,i1
a519,i1
a461,i1
a145,i1
a254,i1
a626,i1
a869,i1
a233,i1
a328,i1
a84,i1
a393,i1
a950,i1
a795,i1
a867,i1
a63,i1
a264,i1
a410,i1
a582,i1
a676,i1
a202,i1
a445,i1
a688,i1
a344,i1
a67,i1
a794,i1
a988,i1
a935,i1
a686,i1
a181,i1
a304,i1
a219,i1
a674,i1
a167,i1
a72,i1
a450,i1
a124,i1
a55,i1
a230,i1
a549,i1
a89,i1
a675,i1
a669,i1
a218,i1
a342,i1
a515,i1
a989,i1
a383,i1
a152,i1
a278,i1
a786,i1
a33,i1
a743,i1
a715,i1
a1000,i1
a947,i1
a296,i1
a108,i1
a618,i1
a681,i1
a551,i1
a86,i1
a274,i1
a792,i1
a857,i1
a790,i1
a599,i1
a721,i1
a374,i1
a1031,i1
a258,i1
a165,i1
a531,i1
a188,i1
a684,i1
a880,i1
a607,i1
a777,i1
a834,i1
a1012,i1
a210,i1
a177,i1
a11,i1
a830,i1
a832,i1
a571,i1
a25,i1
a508,i1
a193,i1
a377,i1
a778,i1
a413,i1
a783,i1
a918,i1
a77,i1
a194,i1
a763,i1
a895,i1
a401,i1
a456,i1
a238,i1
a129,i1
a505,i1
a178,i1
a853,i1
a877,i1
a713,i1
a791,i1
a526,i1
a476,i1
a332,i1
a20,i1
a16,i1
a216,i1
a762,i1
a514,i1
a921,i1
a553,i1
a317,i1
a707,i1
a291,i1
a913,i1
a365,i1
a43,i1
a262,i1
a69,i1
a704,i1
a96,i1
a982,i1
a940,i1
a888,i1
a562,i1
a242,i1
a946,i1
a355,i1
a667,i1
a468,i1
a1015,i1
a215,i1
a608,i1
a1020,i1
a402,i1
a1018,i1
a472,i1
a775,i1
a54,i1
a303,i1
a1026,i1
a724,i1
a995,i1
a494,i1
a399,i1
a824,i1
a1003,i1
a203,i1
a357,i1
a220,i1
a331,i1
a563,i1
a448,i1
a748,i1
a987,i1
a464,i1
a548,i1
a992,i1
a1009,i1
a718,i1
a557,i1
a597,i1
a679,i1
a31,i1
a1006,i1
a896,i1
a706,i1
a803,i1
a253,i1
a442,i1
a1025,i1
a132,i1
a615,i1
a486,i1
a482,i1
a64,i1
a190,i1
a822,i1
a115,i1
a737,i1
a27,i1
a350,i1
a899,i1
a539,i1
a491,i1
a319,i1
a315,i1
a12,i1
a851,i1
a789,i1
a758,i1
a100,i1
a977,i1
a49,i1
a46,i1
a901,i1
a41,i1
a112,i1
a314,i1
a859,i1
a741,i1
a53,i1
a819,i1
a104,i1
a295,i1
a810,i1
a829,i1
a171,i1
a404,i1
a590,i1
a7,i1
a962,i1
a920,i1
a570,i1
a419,i1
a996,i1
a680,i1
a492,i1
a309,i1
a22,i1
a117,i1
a391,i1
a620,i1
a747,i1
a466,i1
a712,i1
a87,i1
a658,i1
a578,i1
a182,i1
a843,i1
a604,i1
a235,i1
a255,i1
a270,i1
a128,i1
a520,i1
a496,i1
a938,i1
a1030,i1
a189,i1
a744,i1
a559,i1
a135,i1
a479,i1
a805,i1
a366,i1
a51,i1
a259,i1
a645,i1
a556,i1
a236,i1
a440,i1
a991,i1
a439,i1
a160,i1
a689,i1
a882,i1
a174,i1
a21,i1
a555,i1
a993,i1
a281,i1
a387,i1
a941,i1
a757,i1
a722,i1
a705,i1
a423,i1
a417,i1
a842,i1
a411,i1
a163,i1
a266,i1
a542,i1
a341,i1
a828,i1
a471,i1
a302,i1
a19,i1
a928,i1
a643,i1
a672,i1
a878,i1
a579,i1
a521,i1
a273,i1
a422,i1
a105,i1
a827,i1
a655,i1
a812,i1
a138,i1
a186,i1
a347,i1
a653,i1
a348,i1
a398,i1
a228,i1
a818,i1
a657,i1
a719,i1
a550,i1
a631,i1
a378,i1
a766,i1
a957,i1
a425,i1
a47,i1
a462,i1
a338,i1
a677,i1
a839,i1
a820,i1
a605,i1
a736,i1
a886,i1
a162,i1
a535,i1
a632,i1
a221,i1
a1001,i1
a577,i1
a123,i1
a362,i1
a488,i1
a600,i1
a629,i1
a73,i1
a798,i1
a583,i1
a671,i1
a601,i1
a294,i1
a389,i1
a994,i1
a1011,i1
a875,i1
a909,i1
a300,i1
a475,i1
a999,i1
a972,i1
a887,i1
a761,i1
a451,i1
a421,i1
a8,i1
a656,i1
a644,i1
a483,i1
a276,i1
a321,i1
a648,i1
a56,i1
a250,i1
a848,i1
a409,i1
a81,i1
a68,i1
a79,i1
a725,i1
a290,i1
a1010,i1
a506,i1
a708,i1
a175,i1
a370,i1
a523,i1
a287,i1
a809,i1
a9,i1
a39,i1
a459,i1
a38,i1
a816,i1
a484,i1
a431,i1
a916,i1
a279,i1
a308,i1
a91,i1
a403,i1
a183,i1
a345,i1
a512,i1
a585,i1
a536,i1
a543,i1
a915,i1
a756,i1
a173,i1
a495,i1
a937,i1
a650,i1
a318,i1
a192,i1
a248,i1
a469,i1
a860,i1
a159,i1
a143,i1
a368,i1
a647,i1
a806,i1
a823,i1
a340,i1
a929,i1
a293,i1
a975,i1
a534,i1
a606,i1
a364,i1
a1027,i1
a545,i1
a59,i1
a155,i1
a1,i1
a503,i1
a980,i1
a527,i1
a385,i1
a42,i1
a862,i1
a487,i1
a437,i1
a333,i1
a873,i1
a395,i1
a408,i1
a847,i1
a963,i1
a5,i1
a272,i1
a513,i1
a733,i1
a628,i1
a458,i1
a185,i1
a13,i1
a244,i1
a288,i1
a998,i1
a140,i1
a981,i1
a612,i1
a540,i1
a376,i1
a460,i1
a685,i1
a837,i1
a581,i1
a876,i1
a427,i1
a158,i1
a558,i1
a283,i1
a103,i1
a71,i1
a985,i1
a831,i1
a522,i1
a37,i1
a261,i1
a955,i1
a249,i1
a970,i1
a635,i1
a594,i1
a406,i1
a122,i1
a474,i1
a904,i1
a329,i1
a973,i1
a447,i1
a240,i1
a6,i1
a572,i1
a197,i1
a313,i1
a346,i1
a223,i1
a396,i1
a85,i1
a426,i1
a256,i1
a524,i1
a141,i1
a62,i1
a641,i1
a298,i1
a381,i1
a375,i1
a870,i1
a723,i1
a636,i1
a754,i1
a297,i1
a137,i1
a729,i1
a246,i1
a768,i1
a518,i1
a493,i1
a931,i1
a113,i1
a265,i1
a61,i1
a868,i1
a969,i1
a942,i1
a569,i1
a634,i1
a864,i1
a509,i1
a662,i1
a952,i1
a74,i1
a28,i1
a1019,i1
a501,i1
a544,i1
a268,i1
a951,i1
a397,i1
a120,i1
a251,i1
a695,i1
a716,i1
a961,i1
a780,i1
a771,i1
a110,i1
a575,i1
a565,i1
a560,i1
a1023,i1
a206,i1
a412,i1
a617,i1
a949,i1
a731,i2
a45,i2
a35,i2
a463,i2
a576,i2
a243,i2
a2,i2
a311,i2
a369,i2
a926,i2
a855,i2
a111,i2
a624,i2
a796,i2
a698,i2
a930,i2
a673,i2
a184,i2
a588,i2
a958,i2
a205,i2
a201,i2
a414,i2
a885,i2
a567,i2
a57,i2
a960,i2
a95,i2
a428,i2
a787,i2
a4,i2
a144,i2
a849,i2
a101,i2
a779,i2
a239,i2
a633,i2
a773,i2
a840,i2
a209,i2
a424,i2
a902,i2
a92,i2
a858,i2
a751,i2
a358,i2
a449,i2
a694,i2
a78,i2
a280,i2
a502,i2
a1007,i2
a275,i2
a561,i2
a727,i2
a802,i2
a665,i2
a418,i2
a642,i2
a625,i2
a109,i2
a156,i2
a299,i2
a97,i2
a134,i2
a161,i2
a651,i2
a200,i2
a564,i2
a898,i2
a444,i2
a835,i2
a436,i2
a70,i2
a910,i2
a1022,i2
a127,i2
a932,i2
a892,i2
a903,i2
a229,i2
a891,i2
a226,i2
a75,i2
a815,i2
a793,i2
a169,i2
a616,i2
a292,i2
a497,i2
a589,i2
a639,i2
a959,i2
a968,i2
a923,i2
a356,i2
a382,i2
a499,i2
a217,i2
a498,i2
a936,i2
a974,i2
a58,i2
a157,i2
a465,i2
a845,i2
a566,i2
a363,i2
a532,i2
a65,i2
a432,i2
a739,i2
a284,i2
a269,i2
a770,i2
a164,i2
a322,i2
a500,i2
a316,i2
a919,i2
a976,i2
a825,i2
a180,i2
a323,i2
a430,i2
a852,i2
a26,i2
a614,i2
a740,i2
a372,i2
a339,i2
a692,i2
a596,i2
a519,i2
a461,i2
a145,i2
a254,i2
a626,i2
a869,i2
a233,i2
a328,i2
a84,i2
a393,i2
a950,i2
a795,i2
a867,i2
a63,i2
a264,i2
a410,i2
a582,i2
a676,i2
a202,i2
a445,i2
a688,i2
a344,i2
a67,i2
a794,i2
a988,i2
a935,i2
a686,i2
a181,i2
a304,i2
a219,i2
a674,i2
a167,i2
a72,i2
a450,i2
a124,i2
a55,i2
a230,i2
a549,i2
a89,i2
a675,i2
a669,i2
a218,i2
a342,i2
a515,i2
a989,i2
a383,i2
a152,i2
a278,i2
a786,i2
a33,i2
a743,i2
a715,i2
a1000,i2
a947,i2
a296,i2
a108,i2
a618,i2
a681,i2
a551,i2
a86,i2
a274,i2
a792,i2
a857,i2
a790,i2
a599,i2
a721,i2
a374,i2
a1031,i2
a258,i2
a165,i2
a531,i2
a188,i2
a684,i2
a880,i2
a607,i2
a777,i2
a834,i2
a1012,i2
a210,i2
a177,i2
a11,i2
a830,i2
a832,i2
a571,i2
a25,i2
a508,i2
a193,i2
a377,i2
a778,i2
a413,i2
a783,i2
a918,i2
a77,i2
a194,i2
a763,i2
a895,i2
a401,i2
a456,i2
a238,i2
a129,i2
a505,i2
a178,i2
a853,i2
a877,i2
a713,i2
a791,i2
a526,i2
a476,i2
a332,i2
a20,i2
a16,i2
a216,i2
a762,i2
a514,i2
a921,i2
a553,i2
a317,i2
a707,i2
a291,i2
a913,i2
a365,i2
a43,i2
a262,i2
a69,i2
a704,i2
a96,i2
a982,i2
a940,i2
a888,i2
a562,i2
a242,i2
a946,i2
a355,i2
a667,i2
a468,i2
a1015,i2
a215,i2
a608,i2
a1020,i2
a402,i2
a1018,i2
a472,i2
a775,i2
a54,i2
a303,i2
a1026,i2
a724,i2
a995,i2
a494,i2
a399,i2
a824,i2
a1003,i2
a203,i2
a357,i2
a220,i2
a331,i2
a563,i2
a448,i2
a748,i2
a987,i2
a464,i2
a548,i2
a992,i2
a1009,i2
a718,i2
a557,i2
a597,i2
a679,i2
a31,i2
a1006,i2
a896,i2
a706,i2
a803,i2
a253,i2
a442,i2
a1025,i2
a132,i2
a615,i2
a486,i2
a482,i2
a64,i2
a190,i2
a822,i2
a115,i2
a737,i2
a27,i2
a350,i2
a899,i2
a539,i2
a491,i2
a319,i2
a315,i2
a12,i2
a851,i2
a789,i2
a758,i2
a100,i2
a977,i2
a49,i2
a46,i2
a901,i2
a41,i2
a112,i2
a314,i2
a859,i2
a741,i2
a53,i2
a819,i2
a104,i2
a295,i2
a810,i2
a829,i2
a171,i2
a404,i2
a590,i2
a7,i2
a962,i2
a920,i2
a570,i2
a419,i2
a996,i2
a680,i2
a492,i2
a309,i2
a22,i2
a117,i2
a391,i2
a620,i2
a747,i2
a466,i2
a712,i2
a87,i2
a658,i2
a578,i2
a182,i2
a843,i2
a604,i2
a235,i2
a255,i2
a270,i2
a128,i2
a520,i2
a496,i2
a938,i2
a1030,i2
a189,i2
a744,i2
a559,i2
a135,i2
a479,i2
a805,i2
a366,i2
a51,i2
a259,i2
a645,i2
a556,i2
a236,i2
a440,i2
a991,i2
a439,i2
a160,i2
a689,i2
a882,i2
a174,i2
a21,i2
a555,i2
a993,i2
a281,i2
a387,i2
a941,i2
a757,i2
a722,i2
a705,i2
a423,i2
a417,i2
a842,i2
a411,i2
a163,i2
a266,i2
a542,i2
a341,i2
a828,i2
a471,i2
a302,i2
a19,i2
a928,i2
a643,i2
a672,i2
a878,i2
a579,i2
a521,i2
a273,i2
a422,i2
a105,i2
a827,i2
a655,i2
a812,i2
a138,i2
a186,i2
a347,i2
a653,i2
a348,i2
a398,i2
a228,i2
a818,i2
a657,i2
a719,i2
a550,i2
a631,i2
a378,i2
a766,i2
a957,i2
a425,i2
a47,i2
a462,i2
a338,i2
a677,i2
a839,i2
a820,i2
a605,i2
a736,i2
a886,i2
a162,i2
a535,i2
a632,i2
a221,i2
a1001,i2
a577,i2
a123,i2
a362,i2
a488,i2
a600,i2
a629,i2
a73,i2
a798,i2
a583,i2
a671,i2
a601,i2
a294,i2
a389,i2
a994,i2
a1011,i2
a875,i2
a909,i2
a300,i2
a475,i2
a999,i2
a972,i2
a887,i2
a761,i2
a451,i2
a421,i2
a8,i2
a656,i2
a644,i2
a483,i2
a276,i2
a321,i2
a648,i2
a56,i2
a250,i2
a848,i2
a409,i2
a81,i2
a68,i2
a79,i2
a725,i2
a290,i2
a1010,i2
a506,i2
a708,i2
a175,i2
a370,i2
a523,i2
a287,i2
a809,i2
a9,i2
a39,i2
a459,i2
a38,i2
a816,i2
a484,i2
a431,i2
a916,i2
a279,i2
a308,i2
a91,i2
a403,i2
a183,i2
a345,i2
a512,i2
a585,i2
a536,i2
a543,i2
a915,i2
a756,i2
a173,i2
a495,i2
a937,i2
a650,i2
a318,i2
a192,i2
a248,i2
a469,i2
a860,i2
a159,i2
a143,i2
a368,i2
a647,i2
a806,i2
a823,i2
a340,i2
a929,i2
a293,i2
a975,i2
a534,i2
a606,i2
a364,i2
a1027,i2
a545,i2
a59,i2
a155,i2
a1,i2
a503,i2
a980,i2
a527,i2
a385,i2
a42,i2
a862,i2
a487,i2
a437,i2
a333,i2
a873,i2
a395,i2
a408,i2
a847,i2
a963,i2
a5,i2
a272,i2
a513,i2
a733,i2
a628,i2
a458,i2
a185,i2
a13,i2
a244,i2
a288,i2
a998,i2
a140,i2
a981,i2
a612,i2
a540,i2
a376,i2
a460,i2
a685,i2
a837,i2
a581,i2
a876,i2
a427,i2
a158,i2
a558,i2
a283,i2
a103,i2
a71,i2
a985,i2
a831,i2
a522,i2
a37,i2
a261,i2
a955,i2
a249,i2
a970,i2
a635,i2
a594,i2
a406,i2
a122,i2
a474,i2
a904,i2
a329,i2
a973,i2
a447,i2
a240,i2
a6,i2
a572,i2
a197,i2
a313,i2
a346,i2
a223,i2
a396,i2
a85,i2
a426,i2
a256,i2
a524,i2
a141,i2
a62,i2
a641,i2
a298,i2
a381,i2
a375,i2
a870,i2
a723,i2
a636,i2
a754,i2
a297,i2
a137,i2
a729,i2
a246,i2
a768,i2
a518,i2
a493,i2
a931,i2
a113,i2
a265,i2
a61,i2
a868,i2
a969,i2
a942,i2
a569,i2
a634,i2
a864,i2
a509,i2
a662,i2
a952,i2
a74,i2
a28,i2
a1019,i2
a501,i2
a544,i2
a268,i2
a951,i2
a397,i2
a120,i2
a251,i2
a695,i2
a716,i2
a961,i2
a780,i2
a771,i2
a110,i2
a575,i2
a565,i2
a560,i2
a1023,i2
a206,i2
a412,i2
a617,i2
a949,i2
a731,i3
a45,i3
a35,i3
a463,i3
a576,i3
a243,i3
a2,i3
a311,i3
a369,i3
a926,i3
a855,i3
a111,i3
a624,i3
a796,i3
a698,i3
a930,i3
a673,i3
a184,i3
a588,i3
a958,i3
a205,i3
a201,i3
a414,i3
a885,i3
a567,i3
a57,i3
a960,i3
a95,i3
a428,i3
a787,i3
a4,i3
a144,i3
a849,i3
a101,i3
a779,i3
a239,i3
a633,i3
a773,i3
a840,i3
a209,i3
a424,i3
a902,i3
a92,i3
a858,i3
a751,i3
a358,i3
a449,i3
a694,i3
a78,i3
a280,i3
a502,i3
a1007,i3
a275,i3
a561,i3
a727,i3
a802,i3
a665,i3
a418,i3
a642,i3
a625,i3
a109,i3
a156,i3
a299,i3
a97,i3
a134,i3
a161,i3
a651,i3
a200,i3
a564,i3
a898,i3
a444,i3
a835,i3
a436,i3
a70,i3
a910,i3
a1022,i3
a127,i3
a932,i3
a892,i3
a903,i3
a229,i3
a891,i3
a226,i3
a75,i3
a815,i3
a793,i3
a169,i3
a616,i3
a292,i3
a497,i3
a589,i3
a639,i3
a959,i3
a968,i3
a923,i3
a356,i3
a382,i3
a499,i3
a217,i3
a498,i3
a936,i3
a974,i3
a58,i3
a157,i3
a465,i3
a845,i3
a566,i3
a363,i3
a532,i3
a65,i3
a432,i3
a739,i3
a284,i3
a269,i3
a770,i3
a164,i3
a322,i3
a500,i3
a316,i3
a919,i3
a976,i3
a825,i3
a180,i3
a323,i3
a430,i3
a852,i3
a26,i3
a614,i3
a740,i3
a372,i3
a339,i3
a692,i3
a596,i3
a519,i3
a461,i3
a145,i3
a254,i3
a626,i3
a869,i3
a233,i3
a328,i3
a84,i3
a393,i3
a950,i3
a795,i3
a867,i3
a63,i3
a264,i3
a410,i3
a582,i3
a676,i3
a202,i3
a445,i3
a688,i3
a344,i3
a67,i3
a794,i3
a988,i3
a935,i3
a686,i3
a181,i3
a304,i3
a219,i3
a674,i3
a167,i3
a72,i3
a450,i3
a124,i3
a55,i3
a230,i3
a549,i3
a89,i3
a675,i3
a669,i3
a218,i3
a342,i3
a515,i3
a989,i3
a383,i3
a152,i3
a278,i3
a786,i3
a33,i3
a743,i3
a715,i3
a1000,i3
a947,i3
a296,i3
a108,i3
a618,i3
a681,i3
a551,i3
a86,i3
a274,i3
a792,i3
a857,i3
a790,i3
a599,i3
a721,i3
a374,i3
a1031,i3
a258,i3
a165,i3
a531,i3
a188,i3
a684,i3
a880,i3
a607,i3
a777,i3
a834,i3
a1012,i3
a210,i3
a177,i3
a11,i3
a830,i3
a832,i3
a571,i3
a25,i3
a508,i3
a193,i3
a377,i3
a778,i3
a413,i3
a783,i3
a918,i3
a77,i3
a194,i3
a763,i3
a895,i3
a401,i3
a456,i3
a238,i3
a129,i3
a505,i3
a178,i3
a853,i3
a877,i3
a713,i3
a791,i3
a526,i3
a476,i3
a332,i3
a20,i3
a16,i3
a216,i3
a762,i3
a514,i3
a921,i3
a553,i3
a317,i3
a707,i3
a291,i3
a913,i3
a365,i3
a43,i3
a262,i3
a69,i3
a704,i3
a96,i3
a982,i3
a940,i3
a888,i3
a562,i3
a242,i3
a946,i3
a355,i3
a667,i3
a468,i3
a1015,i3
a215,i3
a608,i3
a1020,i3
a402,i3
a1018,i3
a472,i3
a775,i3
a54,i3
a303,i3
a1026,i3
a724,i3
a995,i3
a494,i3
a399,i3
a824,i3
a1003,i3
a203,i3
a357,i3
a220,i3
a331,i3
a563,i3
a448,i3
a748,i3
a987,i3
a464,i3
a548,i3
a992,i3
a1009,i3
a718,i3
a557,i3
a597,i3
a679,i3
a31,i3
a1006,i3
a896,i3
a706,i3
a803,i3
a253,i3
a442,i3
a1025,i3
a132,i3
a615,i3
a486,i3
a482,i3
a64,i3
a190,i3
a822,i3
a115,i3
a737,i3
a27,i3
a350,i3
a899,i3
a539,i3
a491,i3
a319,i3
a315,i3
a12,i3
a851,i3
a789,i3
a758,i3
a100,i3
a977,i3
a49,i3
a46,i3
a901,i3
a41,i3
a112,i3
a314,i3
a859,i3
a741,i3
a53,i3
a819,i3
a104,i3
a295,i3
a810,i3
a829,i3
a171,i3
a404,i3
a590,i3
a7,i3
a962,i3
a920,i3
a570,i3
a419,i3
a996,i3
a680,i3
a492,i3
a309,i3
a22,i3
a117,i3
a391,i3
a620,i3
a747,i3
a466,i3
a712,i3
a87,i3
a658,i3
a578,i3
a182,i3
a843,i3
a604,i3
a235,i3
a255,i3
a270,i3
a128,i3
a520,i3
a496,i3
a938,i3
a1030,i3
a189,i3
a744,i3
a559,i3
a135,i3
a479,i3
a805,i3
a366,i3
a51,i3
a259,i3
a645,i3
a556,i3
a236,i3
a440,i3
a991,i3
a439,i3
a160,i3
a689,i3
a882,i3
a174,i3
a21,i3
a555,i3
a993,i3
a281,i3
a387,i3
a941,i3
a757,i3
a722,i3
a705,i3
a423,i3
a417,i3
a842,i3
a411,i3
a163,i3
a266,i3
a542,i3
a341,i3
a828,i3
a471,i3
a302,i3
a19,i3
a928,i3
a643,i3
a672,i3
a878,i3
a579,i3
a521,i3
a273,i3
a422,i3
a105,i3
a827,i3
a655,i3
a812,i3
a138,i3
a186,i3
a347,i3
a653,i3
a348,i3
a398,i3
a228,i3
a818,i3
a657,i3
a719,i3
a550,i3
a631,i3
a378,i3
a766,i3
a957,i3
a425,i3
a47,i3
a462,i3
a338,i3
a677,i3
a839,i3
a820,i3
a605,i3
a736,i3
a886,i3
a162,i3
a535,i3
a632,i3
a221,i3
a1001,i3
a577,i3
a123,i3
a362,i3
a488,i3
a600,i3
a629,i3
a73,i3
a798,i3
a583,i3
a671,i3
a601,i3
a294,i3
a389,i3
a994,i3
a1011,i3
a875,i3
a909,i3
a300,i3
a475,i3
a999,i3
a972,i3
a887,i3
a761,i3
a451,i3
a421,i3
a8,i3
a656,i3
a644,i3
a483,i3
a276,i3
a321,i3
a648,i3
a56,i3
a250,i3
a848,i3
a409,i3
a81,i3
a68,i3
a79,i3
a725,i3
a290,i3
a1010,i3
a506,i3
a708,i3
a175,i3
a370,i3
a523,i3
a287,i3
a809,i3
a9,i3
a39,i3
a459,i3
a38,i3
a816,i3
a484,i3
a431,i3
a916,i3
a279,i3
a308,i3
a91,i3
a403,i3
a183,i3
a345,i3
a512,i3
a585,i3
a536,i3
a543,i3
a915,i3
a756,i3
a173,i3
a495,i3
a937,i3
a650,i3
a318,i3
a192,i3
a248,i3
a469,i3
a860,i3
a159,i3
a143,i3
a368,i3
a647,i3
a806,i3
a823,i3
a340,i3
a929,i3
a293,i3
a975,i3
a534,i3
a606,i3
a364,i3
a1027,i3
a545,i3
a59,i3
a155,i3
a1,i3
a503,i3
a980,i3
a527,i3
a385,i3
a42,i3
a862,i3
a487,i3
a437,i3
a333,i3
a873,i3
a395,i3
a408,i3
a847,i3
a963,i3
a5,i3
a272,i3
a513,i3
a733,i3
a628,i3
a458,i3
a185,i3
a13,i3
a244,i3
a288,i3
a998,i3
a140,i3
a981,i3
a612,i3
a540,i3
a376,i3
a460,i3
a685,i3
a837,i3
a581,i3
a876,i3
a427,i3
a158,i3
a558,i3
a283,i3
a103,i3
a71,i3
a985,i3
a831,i3
a522,i3
a37,i3
a261,i3
a955,i3
a249,i3
a970,i3
a635,i3
a594,i3
a406,i3
a122,i3
a474,i3
a904,i3
a329,i3
a973,i3
a447,i3
a240,i3
a6,i3
a572,i3
a197,i3
a313,i3
a346,i3
a223,i3
a396,i3
a85,i3
a426,i3
a256,i3
a524,i3
a141,i3
a62,i3
a641,i3
a298,i3
a381,i3
a375,i3
a870,i3
a723,i3
a636,i3
a754,i3
a297,i3
a137,i3
a729,i3
a246,i3
a768,i3
a518,i3
a493,i3
a931,i3
a113,i3
a265,i3
a61,i3
a868,i3
a969,i3
a942,i3
a569,i3
a634,i3
a864,i3
a509,i3
a662,i3
a952,i3
a74,i3
a28,i3
a1019,i3
a501,i3
a544,i3
a268,i3
a951,i3
a397,i3
a120,i3
a251,i3
a695,i3
a716,i3
a961,i3
a780,i3
a771,i3
a110,i3
a575,i3
a565,i3
a560,i3
a1023,i3
a206,i3
a412,i3
a617,i3
a949,i3
a731,i4
a45,i4
a35,i4
a463,i4
a576,i4
a243,i4
a2,i4
a311,i4
a369,i4
a926,i4
a855,i4
a111,i4
a624,i4
a796,i4
a698,i4
a930,i4
a673,i4
a184,i4
a588,i4
a958,i4
a205,i4
a201,i4
a414,i4
a885,i4
a567,i4
a57,i4
a960,i4
a95,i4
a428,i4
a787,i4
a4,i4
a144,i4
a849,i4
a101,i4
a779,i4
a239,i4
a633,i4
a773,i4
a840,i4
a209,i4
a424,i4
a902,i4
a92,i4
a858,i4
a751,i4
a358,i4
a449,i4
a694,i4
a78,i4
a280,i4
a502,i4
a1007,i4
a275,i4
a561,i4
a727,i4
a802,i4
a665,i4
a418,i4
a642,i4
a625,i4
a109,i4
a156,i4
a299,i4
a97,i4
a134,i4
a161,i4
a651,i4
a200,i4
a564,i4
a898,i4
a444,i4
a835,i4
a436,i4
a70,i4
a910,i4
a1022,i4
a127,i4
a932,i4
a892,i4
a903,i4
a229,i4
a891,i4
a226,i4
a75,i4
a815,i4
a793,i4
a169,i4
a616,i4
a292,i4
a497,i4
a589,i4
a639,i4
a959,i4
a968,i4
a923,i4
a356,i4
a382,i4
a499,i4
a217,i4
a498,i4
a936,i4
a974,i4
a58,i4
a157,i4
a465,i4
a845,i4
a566,i4
a363,i4
a532,i4
a65,i4
a432,i4
a739,i4
a284,i4
a269,i4
a770,i4
a164,i4
a322,i4
a500,i4
a316,i4
a919,i4
a976,i4
a825,i4
a180,i4
a323,i4
a430,i4
a852,i4
a26,i4
a614,i4
a740,i4
a372,i4
a339,i4
a692,i4
a596,i4
a519,i4
a461,i4
a145,i4
a254,i4
a626,i4
a869,i4
a233,i4
a328,i4
a84,i4
a393,i4
a950,i4
a795,i4
a867,i4
a63,i4
a264,i4
a410,i4
a582,i4
a676,i4
a202,i4
a445,i4
a688,i4
a344,i4
a67,i4
a794,i4
a988,i4
a935,i4
a686,i4
a181,i4
a304,i4
a219,i4
a674,i4
a167,i4
a72,i4
a450,i4
a124,i4
a55,i4
a230,i4
a549,i4
a89,i4
a675,i4
a669,i4
a218,i4
a342,i4
a515,i4
a989,i4
a383,i4
a152,i4
a278,i4
a786,i4
a33,i4
a743,i4
a715,i4
a1000,i4
a947,i4
a296,i4
a108,i4
a618,i4
a681,i4
a551,i4
a86,i4
a274,i4
a792,i4
a857,i4
a790,i4
a599,i4
a721,i4
a374,i4
a1031,i4
a258,i4
a165,i4
a531,i4
a188,i4
a684,i4
a880,i4
a607,i4
a777,i4
a834,i4
a1012,i4
a210,i4
a177,i4
a11,i4
a830,i4
a832,i4
a571,i4
a25,i4
a508,i4
a193,i4
a377,i4
a778,i4
a413,i4
a783,i4
a918,i4
a77,i4
a194,i4
a763,i4
a895,i4
a401,i4
a456,i4
a238,i4
a129,i4
a505,i4
a178,i4
a853,i4
a877,i4
a713,i4
a791,i4
a526,i4
a476,i4
a332,i4
a20,i4
a16,i4
a216,i4
a762,i4
a514,i4
a921,i4
a553,i4
a317,i4
a707,i4
a291,i4
a913,i4
a365,i4
a43,i4
a262,i4
a69,i4
a704,i4
a96,i4
a982,i4
a940,i4
a888,i4
a562,i4
a242,i4
a946,i4
a355,i4
a667,i4
a468,i4
a1015,i4
a215,i4
a608,i4
a1020,i4
a402,i4
a1018,i4
a472,i4
a775,i4
a54,i4
a303,i4
a1026,i4
a724,i4
a995,i4
a494,i4
a399,i4
a824,i4
a1003,i4
a203,i4
a357,i4
a220,i4
a331,i4
a563,i4
a448,i4
a748,i4
a987,i4
a464,i4
a548,i4
a992,i4
a1009,i4
a718,i4
a557,i4
a597,i4
a679,i4
a31,i4
a1006,i4
a896,i4
a706,i4
a803,i4
a253,i4
a442,i4
a1025,i4
a132,i4
a615,i4
a486,i4
a482,i4
a64,i4
a190,i4
a822,i4
a115,i4
a737,i4
a27,i4
a350,i4
a899,i4
a539,i4
a491,i4
a319,i4
a315,i4
a12,i4
a851,i4
a789,i4
a758,i4
a100,i4
a977,i4
a49,i4
a46,i4
a901,i4
a41,i4
a112,i4
a314,i4
a859,i4
a741,i4
a53,i4
a819,i4
a104,i4
a295,i4
a810,i4
a829,i4
a171,i4
a404,i4
a590,i4
a7,i4
a962,i4
a920,i4
a570,i4
a419,i4
a996,i4
a680,i4
a492,i4
a309,i4
a22,i4
a117,i4
a391,i4
a620,i4
a747,i4
a466,i4
a712,i4
a87,i4
a658,i4
a578,i4
a182,i4
a843,i4
a604,i4
a235,i4
a255,i4
a270,i4
a128,i4
a520,i4
a496,i4
a938,i4
a1030,i4
a189,i4
a744,i4
a559,i4
a135,i4
a479,i4
a805,i4
a366,i4
a51,i4
a259,i4
a645,i4
a556,i4
a236,i4
a440,i4
a991,i4
a439,i4
a160,i4
a689,i4
a882,i4
a174,i4
a21,i4
a555,i4
a993,i4
a281,i4
a387,i4
a941,i4
a757,i4
a722,i4
a705,i4
a423,i4
a417,i4
a842,i4
a411,i4
a163,i4
a266,i4
a542,i4
a341,i4
a828,i4
a471,i4
a302,i4
a19,i4
a928,i4
a643,i4
a672,i4
a878,i4
a579,i4
a521,i4
a273,i4
a422,i4
a105,i4
a827,i4
a655,i4
a812,i4
a138,i4
a186,i4
a347,i4
a653,i4
a348,i4
a398,i4
a228,i4
a818,i4
a657,i4
a719,i4
a550,i4
a631,i4
a378,i4
a766,i4
a957,i4
a425,i4
a47,i4
a462,i4
a338,i4
a677,i4
a839,i4
a820,i4
a605,i4
a736,i4
a886,i4
a162,i4
a535,i4
a632,i4
a221,i4
a1001,i4
a577,i4
a123,i4
a362,i4
a488,i4
a600,i4
a629,i4
a73,i4
a798,i4
a583,i4
a671,i4
a601,i4
a294,i4
a389,i4
a994,i4
a1011,i4
a875,i4
a909,i4
a300,i4
a475,i4
a999,i4
a972,i4
a887,i4
a761,i4
a451,i4
a421,i4
a8,i4
a656,i4
a644,i4
a483,i4
a276,i4
a321,i4
a648,i4
a56,i4
a250,i4
a848,i4
a409,i4
a81,i4
a68,i4
a79,i4
a725,i4
a290,i4
a1010,i4
a506,i4
a708,i4
a175,i4
a370,i4
a523,i4
a287,i4
a809,i4
a9,i4
a39,i4
a459,i4
a38,i4
a816,i4
a484,i4
a431,i4
a916,i4
a279,i4
a308,i4
a91,i4
a403,i4
a183,i4
a345,i4
a512,i4
a585,i4
a536,i4
a543,i4
a915,i4
a756,i4
a173,i4
a495,i4
a937,i4
a650,i4
a318,i4
a192,i4
a248,i4
a469,i4
a860,i4
a159,i4
a143,i4
a368,i4
a647,i4
a806,i4
a823,i4
a340,i4
a929,i4
a293,i4
a975,i4
a534,i4
a606,i4
a364,i4
a1027,i4
a545,i4
a59,i4
a155,i4
a1,i4
a503,i4
a980,i4
a527,i4
a385,i4
a42,i4
a862,i4
a487,i4
a437,i4
a333,i4
a873,i4
a395,i4
a408,i4
a847,i4
a963,i4
a5,i4
a272,i4
a513,i4
a733,i4
a628,i4
a458,i4
a185,i4
a13,i4
a244,i4
a288,i4
a998,i4
a140,i4
a981,i4
a612,i4
a540,i4
a376,i4
a460,i4
a685,i4
a837,i4
a581,i4
a876,i4
a427,i4
a158,i4
a558,i4
a283,i4
a103,i4
a71,i4
a985,i4
a831,i4
a522,i4
a37,i4
a261,i4
a955,i4
a249,i4
a970,i4
a635,i4
a594,i4
a406,i4
a122,i4
a474,i4
a904,i4
a329,i4
a973,i4
a447,i4
a240,i4
a6,i4
a572,i4
a197,i4
a313,i4
a346,i4
a223,i4
a396,i4
a85,i4
a426,i4
a256,i4
a524,i4
a141,i4
a62,i4
a641,i4
a298,i4
a381,i4
a375,i4
a870,i4
a723,i4
a636,i4
a754,i4
a297,i4
a137,i4
a729,i4
a246,i4
a768,i4
a518,i4
a493,i4
a931,i4
a113,i4
a265,i4
a61,i4
a868,i4
a969,i4
a942,i4
a569,i4
a634,i4
a864,i4
a509,i4
a662,i4
a952,i4
a74,i4
a28,i4
a1019,i4
a501,i4
a544,i4
a268,i4
a951,i4
a397,i4
a120,i4
a251,i4
a695,i4
a716,i4
a961,i4
a780,i4
a771,i4
a110,i4
a575,i4
a565,i4
a560,i4
a1023,i4
a206,i4
a412,i4
a617,i4
a949,i4
a731,i5
a45,i5
a35,i5
a463,i5
a576,i5
a243,i5
a2,i5
a311,i5
a369,i5
a926,i5
a855,i5
a111,i5
a624,i5
a796,i5
a698,i5
a930,i5
a673,i5
a184,i5
a588,i5
a958,i5
a205,i5
a201,i5
a414,i5
a885,i5
a567,i5
a57,i5
a960,i5
a95,i5
a428,i5
a787,i5
a4,i5
a144,i5
a849,i5
a101,i5
a779,i5
a239,i5
a633,i5
a773,i5
a840,i5
a209,i5
a424,i5
a902,i5
a92,i5
a858,i5
a751,i5
a358,i5
a449,i5
a694,i5
a78,i5
a280,i5
a502,i5
a1007,i5
a275,i5
a561,i5
a727,i5
a802,i5
a665,i5
a418,i5
a642,i5
a625,i5
a109,i5
a156,i5
a299,i5
a97,i5
a134,i5
a161,i5
a651,i5
a200,i5
a564,i5
a898,i5
a444,i5
a835,i5
a436,i5
a70,i5
a910,i5
a1022,i5
a127,i5
a932,i5
a892,i5
a903,i5
a229,i5
a891,i5
a226,i5
a75,i5
a815,i5
a793,i5
a169,i5
a616,i5
a292,i5
a497,i5
a589,i5
a639,i5
a959,i5
a968,i5
a923,i5
a356,i5
a382,i5
a499,i5
a217,i5
a498,i5
a936,i5
a974,i5
a58,i5
a157,i5
a465,i5
a845,i5
a566,i5
a363,i5
a532,i5
a65,i5
a432,i5
a739,i5
a284,i5
a269,i5
a770,i5
a164,i5
a322,i5
a500,i5
a316,i5
a919,i5
a976,i5
a825,i5
a180,i5
a323,i5
a430,i5
a852,i5
a26,i5
a614,i5
a740,i5
a372,i5
a339,i5
a692,i5
a596,i5
a519,i5
a461,i5
a145,i5
a254,i5
a626,i5
a869,i5
a233,i5
a328,i5
a84,i5
a393,i5
a950,i5
a795,i5
a867,i5
a63,i5
a264,i5
a410,i5
a582,i5
a676,i5
a202,i5
a445,i5
a688,i5
a344,i5
a67,i5
a794,i5
a988,i5
a935,i5
a686,i5
a181,i5
a304,i5
a219,i5
a674,i5
a167,i5
a72,i5
a450,i5
a124,i5
a55,i5
a230,i5
a549,i5
a89,i5
a675,i5
a669,i5
a218,i5
a342,i5
a515,i5
a989,i5
a383,i5
a152,i5
a278,i5
a786,i5
a33,i5
a743,i5
a715,i5
a1000,i5
a947,i5
a296,i5
a108,i5
a618,i5
a681,i5
a551,i5
a86,i5
a274,i5
a792,i5
a857,i5
a790,i5
a599,i5
a721,i5
a374,i5
a1031,i5
a258,i5
a165,i5
a531,i5
a188,i5
a684,i5
a880,i5
a607,i5
a777,i5
a834,i5
a1012,i5
a210,i5
a177,i5
a11,i5
a830,i5
a832,i5
a571,i5
a25,i5
a508,i5
a193,i5
a377,i5
a778,i5
a413,i5
a783,i5
a918,i5
a77,i5
a194,i5
a763,i5
a895,i5
a401,i5
a456,i5
a238,i5
a129,i5
a505,i5
a178,i5
a853,i5
a877,i5
a713,i5
a791,i5
a526,i5
a476,i5
a332,i5
a20,i5
a16,i5
a216,i5
a762,i5
a514,i5
a921,i5
a553,i5
a317,i5
a707,i5
a291,i5
a913,i5
a365,i5
a43,i5
a262,i5
a69,i5
a704,i5
a96,i5
a982,i5
a940,i5
a888,i5
a562,i5
a242,i5
a946,i5
a355,i5
a667,i5
a468,i5
a1015,i5
a215,i5
a608,i5
a1020,i5
a402,i5
a1018,i5
a472,i5
a775,i5
a54,i5
a303,i5
a1026,i5
a724,i5
a995,i5
a494,i5
a399,i5
a824,i5
a1003,i5
a203,i5
a357,i5
a220,i5
a331,i5
a563,i5
a448,i5
a748,i5
a987,i5
a464,i5
a548,i5
a992,i5
a1009,i5
a718,i5
a557,i5
a597,i5
a679,i5
a31,i5
a1006,i5
a896,i5
a706,i5
a803,i5
a253,i5
a442,i5
a1025,i5
a132,i5
a615,i5
a486,i5
a482,i5
a64,i5
a190,i5
a822,i5
a115,i5
a737,i5
a27,i5
a350,i5
a899,i5
a539,i5
a491,i5
a319,i5
a315,i5
a12,i5
a851,i5
a789,i5
a758,i5
a100,i5
a977,i5
a49,i5
a46,i5
a901,i5
a41,i5
a112,i5
a314,i5
a859,i5
a741,i5
a53,i5
a819,i5
a104,i5
a295,i5
a810,i5
a829,i5
a171,i5
a404,i5
a590,i5
a7,i5
a962,i5
a920,i5
a570,i5
a419,i5
a996,i5
a680,i5
a492,i5
a309,i5
a22,i5
a117,i5
a391,i5
a620,i5
a747,i5
a466,i5
a712,i5
a87,i5
a658,i5
a578,i5
a182,i5
a843,i5
a604,i5
a235,i5
a255,i5
a270,i5
a128,i5
a520,i5
a496,i5
a938,i5
a1030,i5
a189,i5
a744,i5
a559,i5
a135,i5
a479,i5
a805,i5
a366,i5
a51,i5
a259,i5
a645,i5
a556,i5
a236,i5
a440,i5
a991,i5
a439,i5
a160,i5
a689,i5
a882,i5
a174,i5
a21,i5
a555,i5
a993,i5
a281,i5
a387,i5
a941,i5
a757,i5
a722,i5
a705,i5
a423,i5
a417,i5
a842,i5
a411,i5
a163,i5
a266,i5
a542,i5
a341,i5
a828,i5
a471,i5
a302,i5
a19,i5
a928,i5
a643,i5
a672,i5
a878,i5
a579,i5
a521,i5
a273,i5
a422,i5
a105,i5
a827,i5
a655,i5
a812,i5
a138,i5
a186,i5
a347,i5
a653,i5
a348,i5
a398,i5
a228,i5
a818,i5
a657,i5
a719,i5
a550,i5
a631,i5
a378,i5
a766,i5
a957,i5
a425,i5
a47,i5
a462,i5
a338,i5
a677,i5
a839,i5
a820,i5
a605,i5
a736,i5
a886,i5
a162,i5
a535,i5
a632,i5
a221,i5
a1001,i5
a577,i5
a123,i5
a362,i5
a488,i5
a600,i5
a629,i5
a73,i5
a798,i5
a583,i5
a671,i5
a601,i5
a294,i5
a389,i5
a994,i5
a1011,i5
a875,i5
a909,i5
a300,i5
a475,i5
a999,i5
a972,i5
a887,i5
a761,i5
a451,i5
a421,i5
a8,i5
a656,i5
a644,i5
a483,i5
a276,i5
a321,i5
a648,i5
a56,i5
a250,i5
a848,i5
a409,i5
a81,i5
a68,i5
a79,i5
a725,i5
a290,i5
a1010,i5
a506,i5
a708,i5
a175,i5
a370,i5
a523,i5
a287,i5
a809,i5
a9,i5
a39,i5
a459,i5
a38,i5
a816,i5
a484,i5
a431,i5
a916,i5
a279,i5
a308,i5
a91,i5
a403,i5
a183,i5
a345,i5
a512,i5
a585,i5
a536,i5
a543,i5
a915,i5
a756,i5
a173,i5
a495,i5
a937,i5
a650,i5
a318,i5
a192,i5
a248,i5
a469,i5
a860,i5
a159,i5
a143,i5
a368,i5
a647,i5
a806,i5
a823,i5
a340,i5
a929,i5
a293,i5
a975,i5
a534,i5
a606,i5
a364,i5
a1027,i5
a545,i5
a59,i5
a155,i5
a1,i5
a503,i5
a980,i5
a527,i5
a385,i5
a42,i5
a862,i5
a487,i5
a437,i5
a333,i5
a873,i5
a395,i5
a408,i5
a847,i5
a963,i5
a5,i5
a272,i5
a513,i5
a733,i5
a628,i5
a458,i5
a185,i5
a13,i5
a244,i5
a288,i5
a998,i5
a140,i5
a981,i5
a612,i5
a540,i5
a376,i5
a460,i5
a685,i5
a837,i5
a581,i5
a876,i5
a427,i5
a158,i5
a558,i5
a283,i5
a103,i5
a71,i5
a985,i5
a831,i5
a522,i5
a37,i5
a261,i5
a955,i5
a249,i5
a970,i5
a635,i5
a594,i5
a406,i5
a122,i5
a474,i5
a904,i5
a329,i5
a973,i5
a447,i5
a240,i5
a6,i5
a572,i5
a197,i5
a313,i5
a346,i5
a223,i5
a396,i5
a85,i5
a426,i5
a256,i5
a524,i5
a141,i5
a62,i5
a641,i5
a298,i5
a381,i5
a375,i5
a870,i5
a723,i5
a636,i5
a754,i5
a297,i5
a137,i5
a729,i5
a246,i5
a768,i5
a518,i5
a493,i5
a931,i5
a113,i5
a265,i5
a61,i5
a868,i5
a969,i5
a942,i5
a569,i5
a634,i5
a864,i5
a509,i5
a662,i5
a952,i5
a74,i5
a28,i5
a1019,i5
a501,i5
a544,i5
a268,i5
a951,i5
a397,i5
a120,i5
a251,i5
a695,i5
a716,i5
a961,i5
a780,i5
a771,i5
a110,i5
a575,i5
a565,i5
a560,i5
a1023,i5
a206,i5
a412,i5
a617,i5
a949,i5
a731,i6
a45,i6
a35,i6
a463,i6
a576,i6
a243,i6
a2,i6
a311,i6
a369,i6
a926,i6
a855,i6
a111,i6
a624,i6
a796,i6
a698,i6
a930,i6
a673,i6
a184,i6
a588,i6
a958,i6
a205,i6
a201,i6
a414,i6
a885,i6
a567,i6
a57,i6
a960,i6
a95,i6
a428,i6
a787,i6
a4,i6
a144,i6
a849,i6
a101,i6
a779,i6
a239,i6
a633,i6
a773,i6
a840,i6
a209,i6
a424,i6
a902,i6
a92,i6
a858,i6
a751,i6
a358,i6
a449,i6
a694,i6
a78,i6
a280,i6
a502,i6
a1007,i6
a275,i6
a561,i6
a727,i6
a802,i6
a665,i6
a418,i6
a642,i6
a625,i6
a109,i6
a156,i6
a299,i6
a97,i6
a134,i6
a161,i6
a651,i6
a200,i6
a564,i6
a898,i6
a444,i6
a835,i6
a436,i6
a70,i6
a910,i6
a1022,i6
a127,i6
a932,i6
a892,i6
a903,i6
a229,i6
a891,i6
a226,i6
a75,i6
a815,i6
a793,i6
a169,i6
a616,i6
a292,i6
a497,i6
a589,i6
a639,i6
a959,i6
a968,i6
a923,i6
a356,i6
a382,i6
a499,i6
a217,i6
a498,i6
a936,i6
a974,i6
a58,i6
a157,i6
a465,i6
a845,i6
a566,i6
a363,i6
a532,i6
a65,i6
a432,i6
a739,i6
a284,i6
a269,i6
a770,i6
a164,i6
a322,i6
a500,i6
a316,i6
a919,i6
a976,i6
a825,i6
a180,i6
a323,i6
a430,i6
a852,i6
a26,i6
a614,i6
a740,i6
a372,i6
a339,i6
a692,i6
a596,i6
a519,i6
a461,i6
a145,i6
a254,i6
a626,i6
a869,i6
a233,i6
a328,i6
a84,i6
a393,i6
a950,i6
a795,i6
a867,i6
a63,i6
a264,i6
a410,i6
a582,i6
a676,i6
a202,i6
a445,i6
a688,i6
a344,i6
a67,i6
a794,i6
a988,i6
a935,i6
a686,i6
a181,i6
a304,i6
a219,i6
a674,i6
a167,i6
a72,i6
a450,i6
a124,i6
a55,i6
a230,i6
a549,i6
a89,i6
a675,i6
a669,i6
a218,i6
a342,i6
a515,i6
a989,i6
a383,i6
a152,i6
a278,i6
a786,i6
a33,i6
a743,i6
a715,i6
a1000,i6
a947,i6
a296,i6
a108,i6
a618,i6
a681,i6
a551,i6
a86,i6
a274,i6
a792,i6
a857,i6
a790,i6
a599,i6
a721,i6
a374,i6
a1031,i6
a258,i6
a165,i6
a531,i6
a188,i6
a684,i6
a880,i6
a607,i6
a777,i6
a834,i6
a1012,i6
a210,i6
a177,i6
a11,i6
a830,i6
a832,i6
a571,i6
a25,i6
a508,i6
a193,i6
a377,i6
a778,i6
a413,i6
a783,i6
a918,i6
a77,i6
a194,i6
a763,i6
a895,i6
a401,i6
a456,i6
a238,i6
a129,i6
a505,i6
a178,i6
a853,i6
a877,i6
a713,i6
a791,i6
a526,i6
a476,i6
a332,i6
a20,i6
a16,i6
a216,i6
a762,i6
a514,i6
a921,i6
a553,i6
a317,i6
a707,i6
a291,i6
a913,i6
a365,i6
a43,i6
a262,i6
a69,i6
a704,i6
a96,i6
a982,i6
a940,i6
a888,i6
a562,i6
a242,i6
a946,i6
a355,i6
a667,i6
a468,i6
a1015,i6
a215,i6
a608,i6
a1020,i6
a402,i6
a1018,i6
a472,i6
a775,i6
a54,i6
a303,i6
a1026,i6
a724,i6
a995,i6
a494,i6
a399,i6
a824,i6
a1003,i6
a203,i6
a357,i6
a220,i6
a331,i6
a563,i6
a448,i6
a748,i6
a987,i6
a464,i6
a548,i6
a992,i6
a1009,i6
a718,i6
a557,i6
a597,i6
a679,i6
a31,i6
a1006,i6
a896,i6
a706,i6
a803,i6
a253,i6
a442,i6
a1025,i6
a132,i6
a615,i6
a486,i6
a482,i6
a64,i6
a190,i6
a822,i6
a115,i6
a737,i6
a27,i6
a350,i6
a899,i6
a539,i6
a491,i6
a319,i6
a315,i6
a12,i6
a851,i6
a789,i6
a758,i6
a100,i6
a977,i6
a49,i6
a46,i6
a901,i6
a41,i6
a112,i6
a314,i6
a859,i6
a741,i6
a53,i6
a819,i6
a104,i6
a295,i6
a810,i6
a829,i6
a171,i6
a404,i6
a590,i6
a7,i6
a962,i6
a920,i6
a570,i6
a419,i6
a996,i6
a680,i6
a492,i6
a309,i6
a22,i6
a117,i6
a391,i6
a620,i6
a747,i6
a466,i6
a712,i6
a87,i6
a658,i6
a578,i6
a182,i6
a843,i6
a604,i6
a235,i6
a255,i6
a270,i6
a128,i6
a520,i6
a496,i6
a938,i6
a1030,i6
a189,i6
a744,i6
a559,i6
a135,i6
a479,i6
a805,i6
a366,i6
a51,i6
a259,i6
a645,i6
a556,i6
a236,i6
a440,i6
a991,i6
a439,i6
a160,i6
a689,i6
a882,i6
a174,i6
a21,i6
a555,i6
a993,i6
a281,i6
a387,i6
a941,i6
a757,i6
a722,i6
a705,i6
a423,i6
a417,i6
a842,i6
a411,i6
a163,i6
a266,i6
a542,i6
a341,i6
a828,i6
a471,i6
a302,i6
a19,i6
a928,i6
a643,i6
a672,i6
a878,i6
a579,i6
a521,i6
a273,i6
a422,i6
a105,i6
a827,i6
a655,i6
a812,i6
a138,i6
a186,i6
a347,i6
a653,i6
a348,i6
a398,i6
a228,i6
a818,i6
a657,i6
a719,i6
a550,i6
a631,i6
a378,i6
a766,i6
a957,i6
a425,i6
a47,i6
a462,i6
a338,i6
a677,i6
a839,i6
a820,i6
a605,i6
a736,i6
a886,i6
a162,i6
a535,i6
a632,i6
a221,i6
a1001,i6
a577,i6
a123,i6
a362,i6
a488,i6
a600,i6
a629,i6
a73,i6
a798,i6
a583,i6
a671,i6
a601,i6
a294,i6
a389,i6
a994,i6
a1011,i6
a875,i6
a909,i6
a300,i6
a475,i6
a999,i6
a972,i6
a887,i6
a761,i6
a451,i6
a421,i6
a8,i6
a656,i6
a644,i6
a483,i6
a276,i6
a321,i6
a648,i6
a56,i6
a250,i6
a848,i6
a409,i6
a81,i6
a68,i6
a79,i6
a725,i6
a290,i6
a1010,i6
a506,i6
a708,i6
a175,i6
a370,i6
a523,i6
a287,i6
a809,i6
a9,i6
a39,i6
a459,i6
a38,i6
a816,i6
a484,i6
a431,i6
a916,i6
a279,i6
a308,i6
a91,i6
a403,i6
a183,i6
a345,i6
a512,i6
a585,i6
a536,i6
a543,i6
a915,i6
a756,i6
a173,i6
a495,i6
a937,i6
a650,i6
a318,i6
a192,i6
a248,i6
a469,i6
a860,i6
a159,i6
a143,i6
a368,i6
a647,i6
a806,i6
a823,i6
a340,i6
a929,i6
a293,i6
a975,i6
a534,i6
a606,i6
a364,i6
a1027,i6
a545,i6
a59,i6
a155,i6
a1,i6
a503,i6
a980,i6
a527,i6
a385,i6
a42,i6
a862,i6
a487,i6
a437,i6
a333,i6
a873,i6
a395,i6
a408,i6
a847,i6
a963,i6
a5,i6
a272,i6
a513,i6
a733,i6
a628,i6
a458,i6
a185,i6
a13,i6
a244,i6
a288,i6
a998,i6
a140,i6
a981,i6
a612,i6
a540,i6
a376,i6
a460,i6
a685,i6
a837,i6
a581,i6
a876,i6
a427,i6
a158,i6
a558,i6
a283,i6
a103,i6
a71,i6
a985,i6
a831,i6
a522,i6
a37,i6
a261,i6
a955,i6
a249,i6
a970,i6
a635,i6
a594,i6
a406,i6
a122,i6
a474,i6
a904,i6
a329,i6
a973,i6
a447,i6
a240,i6
a6,i6
a572,i6
a197,i6
a313,i6
a346,i6
a223,i6
a396,i6
a85,i6
a426,i6
a256,i6
a524,i6
a141,i6
a62,i6
a641,i6
a298,i6
a381,i6
a375,i6
a870,i6
a723,i6
a636,i6
a754,i6
a297,i6
a137,i6
a729,i6
a246,i6
a768,i6
a518,i6
a493,i6
a931,i6
a113,i6
a265,i6
a61,i6
a868,i6
a969,i6
a942,i6
a569,i6
a634,i6
a864,i6
a509,i6
a662,i6
a952,i6
a74,i6
a28,i6
a1019,i6
a501,i6
a544,i6
a268,i6
a951,i6
a397,i6
a120,i6
a251,i6
a695,i6
a716,i6
a961,i6
a780,i6
a771,i6
a110,i6
a575,i6
a565,i6
a560,i6
a1023,i6
a206,i6
a412,i6
a617,i6
a949,i6
a731,i7
a45,i7
a35,i7
a463,i7
a576,i7
a243,i7
a2,i7
a311,i7
a369,i7
a926,i7
a855,i7
a111,i7
a624,i7
a796,i7
a698,i7
a930,i7
a673,i7
a184,i7
a588,i7
a958,i7
a205,i7
a201,i7
a414,i7
a885,i7
a567,i7
a57,i7
a960,i7
a95,i7
a428,i7
a787,i7
a4,i7
a144,i7
a849,i7
a101,i7
a779,i7
a239,i7
a633,i7
a773,i7
a840,i7
a209,i7
a424,i7
a902,i7
a92,i7
a858,i7
a751,i7
a358,i7
a449,i7
a694,i7
a78,i7
a280,i7
a502,i7
a1007,i7
a275,i7
a561,i7
a727,i7
a802,i7
a665,i7
a418,i7
a642,i7
a625,i7
a109,i7
a156,i7
a299,i7
a97,i7
a134,i7
a161,i7
a651,i7
a200,i7
a564,i7
a898,i7
a444,i7
a835,i7
a436,i7
a70,i7
a910,i7
a1022,i7
a127,i7
a932,i7
a892,i7
a903,i7
a229,i7
a891,i7
a226,i7
a75,i7
a815,i7
a793,i7
a169,i7
a616,i7
a292,i7
a497,i7
a589,i7
a639,i7
a959,i7
a968,i7
a923,i7
a356,i7
a382,i7
a499,i7
a217,i7
a498,i7
a936,i7
a974,i7
a58,i7
a157,i7
a465,i7
a845,i7
a566,i7
a363,i7
a532,i7
a65,i7
a432,i7
a739,i7
a284,i7
a269,i7
a770,i7
a164,i7
a322,i7
a500,i7
a316,i7
a919,i7
a976,i7
a825,i7
a180,i7
a323,i7
a430,i7
a852,i7
a26,i7
a614,i7
a740,i7
a372,i7
a339,i7
a692,i7
a596,i7
a519,i7
a461,i7
a145,i7
a254,i7
a626,i7
a869,i7
a233,i7
a328,i7
a84,i7
a393,i7
a950,i7
a795,i7
a867,i7
a63,i7
a264,i7
a410,i7
a582,i7
a676,i7
a202,i7
a445,i7
a688,i7
a344,i7
a67,i7
a794,i7
a988,i7
a935,i7
a686,i7
a181,i7
a304,i7
a219,i7
a674,i7
a167,i7
a72,i7
a450,i7
a124,i7
a55,i7
a230,i7
a549,i7
a89,i7
a675,i7
a669,i7
a218,i7
a342,i7
a515,i7
a989,i7
a383,i7
a152,i7
a278,i7
a786,i7
a33,i7
a743,i7
a715,i7
a1000,i7
a947,i7
a296,i7
a108,i7
a618,i7
a681,i7
a551,i7
a86,i7
a274,i7
a792,i7
a857,i7
a790,i7
a599,i7
a721,i7
a374,i7
a1031,i7
a258,i7
a165,i7
a531,i7
a188,i7
a684,i7
a880,i7
a607,i7
a777,i7
a834,i7
a1012,i7
a210,i7
a177,i7
a11,i7
a830,i7
a832,i7
a571,i7
a25,i7
a508,i7
a193,i7
a377,i7
a778,i7
a413,i7
a783,i7
a918,i7
a77,i7
a194,i7
a763,i7
a895,i7
a401,i7
a456,i7
a238,i7
a129,i7
a505,i7
a178,i7
a853,i7
a877,i7
a713,i7
a791,i7
a526,i7
a476,i7
a332,i7
a20,i7
a16,i7
a216,i7
a762,i7
a514,i7
a921,i7
a553,i7
a317,i7
a707,i7
a291,i7
a913,i7
a365,i7
a43,i7
a262,i7
a69,i7
a704,i7
a96,i7
a982,i7
a940,i7
a888,i7
a562,i7
a242,i7
a946,i7
a355,i7
a667,i7
a468,i7
a1015,i7
a215,i7
a608,i7
a1020,i7
a402,i7
a1018,i7
a472,i7
a775,i7
a54,i7
a303,i7
a1026,i7
a724,i7
a995,i7
a494,i7
a399,i7
a824,i7
a1003,i7
a203,i7
a357,i7
a220,i7
a331,i7
a563,i7
a448,i7
a748,i7
a987,i7
a464,i7
a548,i7
a992,i7
a1009,i7
a718,i7
a557,i7
a597,i7
a679,i7
a31,i7
a1006,i7
a896,i7
a706,i7
a803,i7
a253,i7
a442,i7
a1025,i7
a132,i7
a615,i7
a486,i7
a482,i7
a64,i7
a190,i7
a822,i7
a115,i7
a737,i7
a27,i7
a350,i7
a899,i7
a539,i7
a491,i7
a319,i7
a315,i7
a12,i7
a851,i7
a789,i7
a758,i7
a100,i7
a977,i7
a49,i7
a46,i7
a901,i7
a41,i7
a112,i7
a314,i7
a859,i7
a741,i7
a53,i7
a819,i7
a104,i7
a295,i7
a810,i7
a829,i7
a171,i7
a404,i7
a590,i7
a7,i7
a962,i7
a920,i7
a570,i7
a419,i7
a996,i7
a680,i7
a492,i7
a309,i7
a22,i7
a117,i7
a391,i7
a620,i7
a747,i7
a466,i7
a712,i7
a87,i7
a658,i7
a578,i7
a182,i7
a843,i7
a604,i7
a235,i7
a255,i7
a270,i7
a128,i7
a520,i7
a496,i7
a938,i7
a1030,i7
a189,i7
a744,i7
a559,i7
a135,i7
a479,i7
a805,i7
a366,i7
a51,i7
a259,i7
a645,i7
a556,i7
a236,i7
a440,i7
a991,i7
a439,i7
a160,i7
a689,i7
a882,i7
a174,i7
a21,i7
a555,i7
a993,i7
a281,i7
a387,i7
a941,i7
a757,i7
a722,i7
a705,i7
a423,i7
a417,i7
a842,i7
a411,i7
a163,i7
a266,i7
a542,i7
a341,i7
a828,i7
a471,i7
a302,i7
a19,i7
a928,i7
a643,i7
a672,i7
a878,i7
a579,i7
a521,i7
a273,i7
a422,i7
a105,i7
a827,i7
a655,i7
a812,i7
a138,i7
a186,i7
a347,i7
a653,i7
a348,i7
a398,i7
a228,i7
a818,i7
a657,i7
a719,i7
a550,i7
a631,i7
a378,i7
a766,i7
a957,i7
a425,i7
a47,i7
a462,i7
a338,i7
a677,i7
a839,i7
a820,i7
a605,i7
a736,i7
a886,i7
a162,i7
a535,i7
a632,i7
a221,i7
a1001,i7
a577,i7
a123,i7
a362,i7
a488,i7
a600,i7
a629,i7
a73,i7
a798,i7
a583,i7
a671,i7
a601,i7
a294,i7
a389,i7
a994,i7
a1011,i7
a875,i7
a909,i7
a300,i7
a475,i7
a999,i7
a972,i7
a887,i7
a761,i7
a451,i7
a421,i7
a8,i7
a656,i7
a644,i7
a483,i7
a276,i7
a321,i7
a648,i7
a56,i7
a250,i7
a848,i7
a409,i7
a81,i7
a68,i7
a79,i7
a725,i7
a290,i7
a1010,i7
a506,i7
a708,i7
a175,i7
a370,i7
a523,i7
a287,i7
a809,i7
a9,i7
a39,i7
a459,i7
a38,i7
a816,i7
a484,i7
a431,i7
a916,i7
a279,i7
a308,i7
a91,i7
a403,i7
a183,i7
a345,i7
a512,i7
a585,i7
a536,i7
a543,i7
a915,i7
a756,i7
a173,i7
a495,i7
a937,i7
a650,i7
a318,i7
a192,i7
a248,i7
a469,i7
a860,i7
a159,i7
a143,i7
a368,i7
a647,i7
a806,i7
a823,i7
a340,i7
a929,i7
a293,i7
a975,i7
a534,i7
a606,i7
a364,i7
a1027,i7
a545,i7
a59,i7
a155,i7
a1,i7
a503,i7
a980,i7
a527,i7
a385,i7
a42,i7
a862,i7
a487,i7
a437,i7
a333,i7
a873,i7
a395,i7
a408,i7
a847,i7
a963,i7
a5,i7
a272,i7
a513,i7
a733,i7
a628,i7
a458,i7
a185,i7
a13,i7
a244,i7
a288,i7
a998,i7
a140,i7
a981,i7
a612,i7
a540,i7
a376,i7
a460,i7
a685,i7
a837,i7
a581,i7
a876,i7
a427,i7
a158,i7
a558,i7
a283,i7
a103,i7
a71,i7
a985,i7
a831,i7
a522,i7
a37,i7
a261,i7
a955,i7
a249,i7
a970,i7
a635,i7
a594,i7
a406,i7
a122,i7
a474,i7
a904,i7
a329,i7
a973,i7
a447,i7
a240,i7
a6,i7
a572,i7
a197,i7
a313,i7
a346,i7
a223,i7
a396,i7
a85,i7
a426,i7
a256,i7
a524,i7
a141,i7
a62,i7
a641,i7
a298,i7
a381,i7
a375,i7
a870,i7
a723,i7
a636,i7
a754,i7
a297,i7
a137,i7
a729,i7
a246,i7
a768,i7
a518,i7
a493,i7
a931,i7
a113,i7
a265,i7
a61,i7
a868,i7
a969,i7
a942,i7
a569,i7
a634,i7
a864,i7
a509,i7
a662,i7
a952,i7
a74,i7
a28,i7
a1019,i7
a501,i7
a544,i7
a268,i7
a951,i7
a397,i7
a120,i7
a251,i7
a695,i7
a716,i7
a961,i7
a780,i7
a771,i7
a110,i7
a575,i7
a565,i7
a560,i7
a1023,i7
a206,i7
a412,i7
a617,i7
a949,i7
