a675,abortion
a633,abortion
a318,abortion
a940,abortion
a946,abortion
a969,abortion
a409,abortion
a55,abortion
a880,abortion
a216,abortion
a135,abortion
a1007,abortion
a164,abortion
a796,abortion
a295,abortion
a835,abortion
a674,abortion
a618,abortion
a486,abortion
a637,abortion
a5,abortion
a40,abortion
a365,abortion
a899,abortion
a1,abortion
a246,abortion
a842,abortion
a705,abortion
a799,abortion
a469,abortion
a419,abortion
a1003,abortion
a137,abortion
a1027,abortion
a225,abortion
a31,abortion
a118,abortion
a372,abortion
a65,abortion
a241,abortion
a231,abortion
a852,abortion
a549,abortion
a316,abortion
a843,abortion
a86,abortion
a904,abortion
a488,abortion
a371,abortion
a585,abortion
a947,abortion
a346,abortion
a130,abortion
a446,abortion
a223,abortion
a980,abortion
a156,abortion
a525,abortion
a746,abortion
a678,abortion
a632,abortion
a105,abortion
a814,abortion
a254,abortion
a538,abortion
a908,abortion
a427,abortion
a617,abortion
a249,abortion
a960,abortion
a987,abortion
a304,abortion
a967,abortion
a159,abortion
a560,abortion
a866,abortion
a47,abortion
a1013,abortion
a279,abortion
a544,abortion
a1025,abortion
a950,abortion
a532,abortion
a128,abortion
a363,abortion
a666,abortion
a576,abortion
a232,abortion
a556,abortion
a926,abortion
a761,abortion
a998,abortion
a242,abortion
a741,abortion
a710,abortion
a274,abortion
a828,abortion
a977,abortion
a811,abortion
a747,abortion
a424,abortion
a928,abortion
a787,abortion
a542,abortion
a572,abortion
a158,abortion
a859,abortion
a207,abortion
a686,abortion
a194,abortion
a117,abortion
a500,abortion
a790,abortion
a255,abortion
a1011,abortion
a426,abortion
a600,abortion
a809,abortion
a725,abortion
a755,abortion
a991,abortion
a631,abortion
a992,abortion
a89,abortion
a756,abortion
a692,abortion
a943,abortion
a229,abortion
a570,abortion
a812,abortion
a961,abortion
a24,abortion
a624,abortion
a243,abortion
a373,abortion
a283,abortion
a228,abortion
a264,abortion
a555,abortion
a341,abortion
a933,abortion
a844,abortion
a858,abortion
a610,abortion
a694,abortion
a125,abortion
a189,abortion
a972,abortion
a663,abortion
a837,abortion
a898,abortion
a932,abortion
a472,abortion
a410,abortion
a239,abortion
a857,abortion
a573,abortion
a912,abortion
a462,abortion
a149,abortion
a979,abortion
a431,abortion
a167,abortion
a737,abortion
a466,abortion
a211,abortion
a519,abortion
a423,abortion
a236,abortion
a114,abortion
a839,abortion
a529,abortion
a910,abortion
a574,abortion
a541,abortion
a74,abortion
a513,abortion
a218,abortion
a195,abortion
a636,abortion
a4,abortion
a754,abortion
a393,abortion
a902,abortion
a143,abortion
a1019,abortion
a300,abortion
a453,abortion
a493,abortion
a974,abortion
a430,abortion
a893,abortion
a589,abortion
a383,abortion
a94,abortion
a685,abortion
a85,abortion
a420,abortion
a804,abortion
a752,abortion
a272,abortion
a177,abortion
a144,abortion
a175,abortion
a509,abortion
a413,abortion
a392,abortion
a941,abortion
a251,abortion
a884,abortion
a813,abortion
a54,abortion
a640,abortion
a96,abortion
a217,abortion
a758,abortion
a1029,abortion
a680,abortion
a495,abortion
a897,abortion
a564,abortion
a629,abortion
a122,abortion
a269,abortion
a778,abortion
a872,abortion
a864,abortion
a764,abortion
a860,abortion
a849,abortion
a887,abortion
a449,abortion
a957,abortion
a751,abortion
a398,abortion
a259,abortion
a496,abortion
a215,abortion
a370,abortion
a603,abortion
a522,abortion
a213,abortion
a989,abortion
a727,abortion
a975,abortion
a468,abortion
a28,abortion
a53,abortion
a936,abortion
a831,abortion
a11,abortion
a299,abortion
a736,abortion
a155,abortion
a416,abortion
a79,abortion
a165,abortion
a862,abortion
a327,abortion
a906,abortion
a91,abortion
a823,abortion
a641,abortion
a598,abortion
a703,abortion
a400,abortion
a706,abortion
a97,abortion
a954,abortion
a805,abortion
a385,abortion
a808,abortion
a634,abortion
a464,abortion
a647,abortion
a612,abortion
a134,abortion
a203,abortion
a651,abortion
a822,abortion
a49,abortion
a422,abortion
a375,abortion
a855,abortion
a265,abortion
a204,abortion
a384,abortion
a391,abortion
a521,abortion
a876,abortion
a433,abortion
a261,abortion
a8,abortion
a116,abortion
a474,abortion
a973,abortion
a331,abortion
a13,abortion
a671,abortion
a1006,abortion
a1001,abortion
a302,abortion
a19,abortion
a104,abortion
a230,evolution
a669,evolution
a318,evolution
a173,evolution
a244,evolution
a882,evolution
a880,evolution
a659,evolution
a796,evolution
a295,evolution
a140,evolution
a123,evolution
a622,evolution
a639,evolution
a815,evolution
a835,evolution
a162,evolution
a362,evolution
a907,evolution
a486,evolution
a343,evolution
a40,evolution
a489,evolution
a899,evolution
a440,evolution
a381,evolution
a646,evolution
a909,evolution
a799,evolution
a146,evolution
a77,evolution
a1003,evolution
a889,evolution
a118,evolution
a120,evolution
a845,evolution
a241,evolution
a794,evolution
a231,evolution
a852,evolution
a253,evolution
a838,evolution
a721,evolution
a549,evolution
a316,evolution
a220,evolution
a346,evolution
a184,evolution
a446,evolution
a980,evolution
a479,evolution
a525,evolution
a257,evolution
a678,evolution
a105,evolution
a827,evolution
a505,evolution
a617,evolution
a6,evolution
a960,evolution
a995,evolution
a967,evolution
a145,evolution
a132,evolution
a560,evolution
a403,evolution
a322,evolution
a279,evolution
a1025,evolution
a653,evolution
a950,evolution
a924,evolution
a363,evolution
a182,evolution
a666,evolution
a650,evolution
a232,evolution
a437,evolution
a307,evolution
a556,evolution
a2,evolution
a688,evolution
a527,evolution
a741,evolution
a667,evolution
a710,evolution
a169,evolution
a274,evolution
a638,evolution
a928,evolution
a677,evolution
a787,evolution
a447,evolution
a572,evolution
a319,evolution
a448,evolution
a657,evolution
a106,evolution
a859,evolution
a408,evolution
a686,evolution
a816,evolution
a562,evolution
a970,evolution
a500,evolution
a790,evolution
a547,evolution
a557,evolution
a540,evolution
a809,evolution
a725,evolution
a755,evolution
a406,evolution
a70,evolution
a756,evolution
a43,evolution
a229,evolution
a193,evolution
a624,evolution
a291,evolution
a728,evolution
a555,evolution
a1023,evolution
a610,evolution
a133,evolution
a471,evolution
a73,evolution
a972,evolution
a726,evolution
a770,evolution
a472,evolution
a239,evolution
a573,evolution
a912,evolution
a460,evolution
a149,evolution
a200,evolution
a979,evolution
a35,evolution
a367,evolution
a921,evolution
a297,evolution
a607,evolution
a282,evolution
a33,evolution
a768,evolution
a839,evolution
a529,evolution
a361,evolution
a574,evolution
a1020,evolution
a181,evolution
a180,evolution
a111,evolution
a635,evolution
a150,evolution
a195,evolution
a1031,evolution
a153,evolution
a4,evolution
a754,evolution
a461,evolution
a95,evolution
a202,evolution
a604,evolution
a1019,evolution
a545,evolution
a766,evolution
a810,evolution
a75,evolution
a919,evolution
a430,evolution
a893,evolution
a382,evolution
a739,evolution
a605,evolution
a786,evolution
a240,evolution
a402,evolution
a709,evolution
a965,evolution
a420,evolution
a892,evolution
a57,evolution
a1005,evolution
a645,evolution
a752,evolution
a177,evolution
a144,evolution
a941,evolution
a251,evolution
a78,evolution
a54,evolution
a305,evolution
a217,evolution
a321,evolution
a679,evolution
a317,evolution
a122,evolution
a996,evolution
a864,evolution
a389,evolution
a959,evolution
a259,evolution
a356,evolution
a370,evolution
a270,evolution
a355,evolution
a213,evolution
a285,evolution
a81,evolution
a832,evolution
a727,evolution
a468,evolution
a586,evolution
a61,evolution
a260,evolution
a53,evolution
a504,evolution
a851,evolution
a658,evolution
a165,evolution
a503,evolution
a906,evolution
a823,evolution
a160,evolution
a349,evolution
a762,evolution
a954,evolution
a412,evolution
a867,evolution
a256,evolution
a808,evolution
a634,evolution
a647,evolution
a931,evolution
a134,evolution
a203,evolution
a422,evolution
a482,evolution
a290,evolution
a876,evolution
a514,evolution
a261,evolution
a474,evolution
a13,evolution
a98,evolution
a863,evolution
a230,gaymarriage
a675,gaymarriage
a185,gaymarriage
a318,gaymarriage
a55,gaymarriage
a287,gaymarriage
a880,gaymarriage
a536,gaymarriage
a1009,gaymarriage
a226,gaymarriage
a140,gaymarriage
a443,gaymarriage
a723,gaymarriage
a414,gaymarriage
a639,gaymarriage
a835,gaymarriage
a399,gaymarriage
a561,gaymarriage
a616,gaymarriage
a486,gaymarriage
a597,gaymarriage
a518,gaymarriage
a637,gaymarriage
a343,gaymarriage
a5,gaymarriage
a1,gaymarriage
a45,gaymarriage
a868,gaymarriage
a799,gaymarriage
a84,gaymarriage
a548,gaymarriage
a606,gaymarriage
a1003,gaymarriage
a792,gaymarriage
a1027,gaymarriage
a31,gaymarriage
a118,gaymarriage
a794,gaymarriage
a852,gaymarriage
a253,gaymarriage
a444,gaymarriage
a748,gaymarriage
a807,gaymarriage
a549,gaymarriage
a316,gaymarriage
a843,gaymarriage
a923,gaymarriage
a371,gaymarriage
a585,gaymarriage
a346,gaymarriage
a439,gaymarriage
a980,gaymarriage
a678,gaymarriage
a632,gaymarriage
a888,gaymarriage
a105,gaymarriage
a780,gaymarriage
a578,gaymarriage
a830,gaymarriage
a538,gaymarriage
a908,gaymarriage
a512,gaymarriage
a981,gaymarriage
a617,gaymarriage
a960,gaymarriage
a292,gaymarriage
a304,gaymarriage
a560,gaymarriage
a279,gaymarriage
a1025,gaymarriage
a950,gaymarriage
a666,gaymarriage
a139,gaymarriage
a733,gaymarriage
a232,gaymarriage
a558,gaymarriage
a59,gaymarriage
a729,gaymarriage
a307,gaymarriage
a492,gaymarriage
a556,gaymarriage
a242,gaymarriage
a741,gaymarriage
a599,gaymarriage
a913,gaymarriage
a667,gaymarriage
a710,gaymarriage
a731,gaymarriage
a309,gaymarriage
a274,gaymarriage
a108,gaymarriage
a977,gaymarriage
a396,gaymarriage
a928,gaymarriage
a787,gaymarriage
a691,gaymarriage
a328,gaymarriage
a448,gaymarriage
a859,gaymarriage
a344,gaymarriage
a686,gaymarriage
a500,gaymarriage
a724,gaymarriage
a986,gaymarriage
a790,gaymarriage
a502,gaymarriage
a988,gaymarriage
a357,gaymarriage
a755,gaymarriage
a26,gaymarriage
a756,gaymarriage
a692,gaymarriage
a943,gaymarriage
a229,gaymarriage
a901,gaymarriage
a395,gaymarriage
a193,gaymarriage
a24,gaymarriage
a624,gaymarriage
a243,gaymarriage
a329,gaymarriage
a373,gaymarriage
a958,gaymarriage
a728,gaymarriage
a341,gaymarriage
a999,gaymarriage
a694,gaymarriage
a125,gaymarriage
a425,gaymarriage
a891,gaymarriage
a1000,gaymarriage
a972,gaymarriage
a663,gaymarriage
a837,gaymarriage
a472,gaymarriage
a239,gaymarriage
a857,gaymarriage
a573,gaymarriage
a912,gaymarriage
a737,gaymarriage
a258,gaymarriage
a466,gaymarriage
a211,gaymarriage
a367,gaymarriage
a519,gaymarriage
a423,gaymarriage
a607,gaymarriage
a114,gaymarriage
a839,gaymarriage
a550,gaymarriage
a523,gaymarriage
a205,gaymarriage
a574,gaymarriage
a180,gaymarriage
a4,gaymarriage
a902,gaymarriage
a1019,gaymarriage
a300,gaymarriage
a861,gaymarriage
a493,gaymarriage
a915,gaymarriage
a766,gaymarriage
a919,gaymarriage
a430,gaymarriage
a115,gaymarriage
a848,gaymarriage
a718,gaymarriage
a893,gaymarriage
a739,gaymarriage
a498,gaymarriage
a744,gaymarriage
a625,gaymarriage
a559,gaymarriage
a85,gaymarriage
a420,gaymarriage
a298,gaymarriage
a238,gaymarriage
a883,gaymarriage
a177,gaymarriage
a262,gaymarriage
a144,gaymarriage
a509,gaymarriage
a941,gaymarriage
a251,gaymarriage
a112,gaymarriage
a54,gaymarriage
a507,gaymarriage
a798,gaymarriage
a712,gaymarriage
a96,gaymarriage
a217,gaymarriage
a1029,gaymarriage
a463,gaymarriage
a564,gaymarriage
a122,gaymarriage
a269,gaymarriage
a864,gaymarriage
a129,gaymarriage
a539,gaymarriage
a259,gaymarriage
a201,gaymarriage
a370,gaymarriage
a188,gaymarriage
a772,gaymarriage
a213,gaymarriage
a285,gaymarriage
a975,gaymarriage
a280,gaymarriage
a468,gaymarriage
a881,gaymarriage
a834,gaymarriage
a465,gaymarriage
a299,gaymarriage
a736,gaymarriage
a79,gaymarriage
a930,gaymarriage
a906,gaymarriage
a91,gaymarriage
a823,gaymarriage
a314,gaymarriage
a706,gaymarriage
a954,gaymarriage
a867,gaymarriage
a808,gaymarriage
a634,gaymarriage
a643,gaymarriage
a829,gaymarriage
a620,gaymarriage
a647,gaymarriage
a157,gaymarriage
a203,gaymarriage
a422,gaymarriage
a428,gaymarriage
a375,gaymarriage
a855,gaymarriage
a384,gaymarriage
a391,gaymarriage
a521,gaymarriage
a876,gaymarriage
a621,gaymarriage
a376,gaymarriage
a433,gaymarriage
a8,gaymarriage
a116,gaymarriage
a615,gaymarriage
a127,gaymarriage
a1022,gaymarriage
a662,gaymarriage
a644,gaymarriage
a480,gaymarriage
a318,guncontrol
a173,guncontrol
a940,guncontrol
a55,guncontrol
a880,guncontrol
a536,guncontrol
a140,guncontrol
a869,guncontrol
a743,guncontrol
a723,guncontrol
a52,guncontrol
a639,guncontrol
a535,guncontrol
a835,guncontrol
a162,guncontrol
a268,guncontrol
a486,guncontrol
a684,guncontrol
a343,guncontrol
a953,guncontrol
a594,guncontrol
a40,guncontrol
a899,guncontrol
a833,guncontrol
a42,guncontrol
a842,guncontrol
a799,guncontrol
a1003,guncontrol
a313,guncontrol
a359,guncontrol
a582,guncontrol
a601,guncontrol
a765,guncontrol
a31,guncontrol
a118,guncontrol
a372,guncontrol
a241,guncontrol
a231,guncontrol
a852,guncontrol
a253,guncontrol
a549,guncontrol
a316,guncontrol
a575,guncontrol
a187,guncontrol
a346,guncontrol
a451,guncontrol
a107,guncontrol
a12,guncontrol
a526,guncontrol
a982,guncontrol
a553,guncontrol
a896,guncontrol
a877,guncontrol
a257,guncontrol
a678,guncontrol
a753,guncontrol
a632,guncontrol
a491,guncontrol
a105,guncontrol
a780,guncontrol
a783,guncontrol
a908,guncontrol
a505,guncontrol
a981,guncontrol
a6,guncontrol
a960,guncontrol
a515,guncontrol
a311,guncontrol
a560,guncontrol
a403,guncontrol
a878,guncontrol
a866,guncontrol
a47,guncontrol
a404,guncontrol
a1013,guncontrol
a279,guncontrol
a544,guncontrol
a1025,guncontrol
a653,guncontrol
a935,guncontrol
a524,guncontrol
a478,guncontrol
a950,guncontrol
a301,guncontrol
a924,guncontrol
a648,guncontrol
a666,guncontrol
a558,guncontrol
a152,guncontrol
a307,guncontrol
a556,guncontrol
a665,guncontrol
a350,guncontrol
a378,guncontrol
a275,guncontrol
a242,guncontrol
a571,guncontrol
a774,guncontrol
a710,guncontrol
a309,guncontrol
a274,guncontrol
a763,guncontrol
a977,guncontrol
a928,guncontrol
a315,guncontrol
a787,guncontrol
a859,guncontrol
a971,guncontrol
a344,guncontrol
a686,guncontrol
a562,guncontrol
a499,guncontrol
a500,guncontrol
a790,guncontrol
a494,guncontrol
a426,guncontrol
a579,guncontrol
a456,guncontrol
a250,guncontrol
a809,guncontrol
a90,guncontrol
a1030,guncontrol
a551,guncontrol
a212,guncontrol
a755,guncontrol
a406,guncontrol
a26,guncontrol
a756,guncontrol
a692,guncontrol
a293,guncontrol
a676,guncontrol
a27,guncontrol
a895,guncontrol
a624,guncontrol
a1004,guncontrol
a243,guncontrol
a291,guncontrol
a563,guncontrol
a749,guncontrol
a728,guncontrol
a596,guncontrol
a590,guncontrol
a347,guncontrol
a125,guncontrol
a1000,guncontrol
a972,guncontrol
a475,guncontrol
a472,guncontrol
a239,guncontrol
a450,guncontrol
a573,guncontrol
a976,guncontrol
a668,guncontrol
a529,guncontrol
a324,guncontrol
a205,guncontrol
a574,guncontrol
a181,guncontrol
a870,guncontrol
a218,guncontrol
a476,guncontrol
a195,guncontrol
a4,guncontrol
a754,guncontrol
a902,guncontrol
a1019,guncontrol
a38,guncontrol
a759,guncontrol
a37,guncontrol
a493,guncontrol
a766,guncontrol
a847,guncontrol
a430,guncontrol
a893,guncontrol
a16,guncontrol
a240,guncontrol
a791,guncontrol
a41,guncontrol
a245,guncontrol
a369,guncontrol
a559,guncontrol
a85,guncontrol
a420,guncontrol
a174,guncontrol
a144,guncontrol
a438,guncontrol
a509,guncontrol
a392,guncontrol
a148,guncontrol
a941,guncontrol
a374,guncontrol
a251,guncontrol
a884,guncontrol
a161,guncontrol
a100,guncontrol
a96,guncontrol
a217,guncontrol
a1029,guncontrol
a171,guncontrol
a463,guncontrol
a401,guncontrol
a122,guncontrol
a778,guncontrol
a722,guncontrol
a1015,guncontrol
a864,guncontrol
a539,guncontrol
a273,guncontrol
a259,guncontrol
a608,guncontrol
a278,guncontrol
a370,guncontrol
a354,guncontrol
a963,guncontrol
a285,guncontrol
a832,guncontrol
a308,guncontrol
a468,guncontrol
a260,guncontrol
a348,guncontrol
a196,guncontrol
a485,guncontrol
a284,guncontrol
a851,guncontrol
a71,guncontrol
a155,guncontrol
a795,guncontrol
a658,guncontrol
a165,guncontrol
a930,guncontrol
a823,guncontrol
a39,guncontrol
a1010,guncontrol
a349,guncontrol
a531,guncontrol
a400,guncontrol
a954,guncontrol
a385,guncontrol
a819,guncontrol
a1018,guncontrol
a808,guncontrol
a634,guncontrol
a873,guncontrol
a643,guncontrol
a647,guncontrol
a276,guncontrol
a422,guncontrol
a375,guncontrol
a68,guncontrol
a649,guncontrol
a421,guncontrol
a789,guncontrol
a876,guncontrol
a7,guncontrol
a514,guncontrol
a376,guncontrol
a261,guncontrol
a660,guncontrol
a615,guncontrol
a782,guncontrol
a141,guncontrol
a644,guncontrol
a104,guncontrol
a480,guncontrol
