p246781," ""abortion"""
p22872," ""abortion"""
p142531," ""abortion"""
p185970," ""abortion"""
p243835," ""abortion"""
p184050," ""abortion"""
p142605," ""abortion"""
p172545," ""abortion"""
p192317," ""abortion"""
p130032," ""abortion"""
p27404," ""abortion"""
p146212," ""abortion"""
p238565," ""abortion"""
p25490," ""abortion"""
p217755," ""abortion"""
p127188," ""abortion"""
p171928," ""abortion"""
p184594," ""abortion"""
p247058," ""abortion"""
p224519," ""abortion"""
p247191," ""abortion"""
p217869," ""abortion"""
p128106," ""abortion"""
p217875," ""abortion"""
p110636," ""abortion"""
p190640," ""abortion"""
p217929," ""abortion"""
p217629," ""abortion"""
p185482," ""abortion"""
p247264," ""abortion"""
p91224," ""abortion"""
p48381," ""abortion"""
p97238," ""abortion"""
p64878," ""abortion"""
p24016," ""abortion"""
p91084," ""abortion"""
p161560," ""abortion"""
p184698," ""abortion"""
p247075," ""abortion"""
p92234," ""abortion"""
p128370," ""abortion"""
p217871," ""abortion"""
p171957," ""abortion"""
p186650," ""abortion"""
p48437," ""abortion"""
p246931," ""abortion"""
p246818," ""abortion"""
p186778," ""abortion"""
p185778," ""abortion"""
p220171," ""abortion"""
p247045," ""abortion"""
p142411," ""abortion"""
p185906," ""abortion"""
p162286," ""abortion"""
p247121," ""abortion"""
p185866," ""abortion"""
p184946," ""abortion"""
p22729," ""abortion"""
p247258," ""abortion"""
p185458," ""abortion"""
p241076," ""abortion"""
p71906," ""abortion"""
p247306," ""abortion"""
p246939," ""abortion"""
p246844," ""abortion"""
p184138," ""abortion"""
p186394," ""abortion"""
p205170," ""abortion"""
p162430," ""abortion"""
p90014," ""abortion"""
p126037," ""abortion"""
p89528," ""abortion"""
p186666," ""abortion"""
p185490," ""abortion"""
p246819," ""abortion"""
p204708," ""abortion"""
p247294," ""abortion"""
p128352," ""abortion"""
p185618," ""abortion"""
p247260," ""abortion"""
p246952," ""abortion"""
p171960," ""abortion"""
p128700," ""abortion"""
p184922," ""abortion"""
p217821," ""abortion"""
p91274," ""abortion"""
p115562," ""abortion"""
p246873," ""abortion"""
p224477," ""abortion"""
p247140," ""abortion"""
p247273," ""abortion"""
p247134," ""abortion"""
p224543," ""abortion"""
p149440," ""abortion"""
p247068," ""abortion"""
p185610," ""abortion"""
p247280," ""abortion"""
p217939," ""abortion"""
p217847," ""abortion"""
p217701," ""abortion"""
p27547," ""abortion"""
p145984," ""abortion"""
p237604," ""abortion"""
p29505," ""abortion"""
p31191," ""abortion"""
p171941," ""abortion"""
p71738," ""abortion"""
p247136," ""abortion"""
p247126," ""abortion"""
p128682," ""abortion"""
p25281," ""abortion"""
p48125," ""abortion"""
p145978," ""abortion"""
p114586," ""abortion"""
p128418," ""abortion"""
p247254," ""abortion"""
p186226," ""abortion"""
p186922," ""abortion"""
p66461," ""abortion"""
p130416," ""abortion"""
p246981," ""abortion"""
p130206," ""abortion"""
p171951," ""abortion"""
p71730," ""abortion"""
p186122," ""abortion"""
p127296," ""abortion"""
p186626," ""abortion"""
p247202," ""abortion"""
p247152," ""abortion"""
p48229," ""abortion"""
p224517," ""abortion"""
p130116," ""abortion"""
p18887," ""abortion"""
p128046," ""abortion"""
p224405," ""abortion"""
p246764," ""abortion"""
p247111," ""abortion"""
p247271," ""abortion"""
p186482," ""abortion"""
p184450," ""abortion"""
p240859," ""abortion"""
p186957," ""abortion"""
p171940," ""abortion"""
p24632," ""abortion"""
p246866," ""abortion"""
p91679," ""abortion"""
p162322," ""abortion"""
p97154," ""abortion"""
p114010," ""abortion"""
p142469," ""abortion"""
p48613," ""abortion"""
p27173," ""abortion"""
p184482," ""abortion"""
p91454," ""abortion"""
p142569," ""abortion"""
p186194," ""abortion"""
p129918," ""abortion"""
p186802," ""abortion"""
p23576," ""abortion"""
p92254," ""abortion"""
p23433," ""abortion"""
p224547," ""abortion"""
p71994," ""abortion"""
p246987," ""abortion"""
p246744," ""abortion"""
p246924," ""abortion"""
p27184," ""abortion"""
p27052," ""abortion"""
p247261," ""abortion"""
p186890," ""abortion"""
p241882," ""abortion"""
p68366," ""abortion"""
p247020," ""abortion"""
p72050," ""abortion"""
p247194," ""abortion"""
p22553," ""abortion"""
p190624," ""abortion"""
p172621," ""abortion"""
p184610," ""abortion"""
p247165," ""abortion"""
p185146," ""abortion"""
p142515," ""abortion"""
p100178," ""abortion"""
p126079," ""abortion"""
p186578," ""abortion"""
p31456," ""abortion"""
p247091," ""abortion"""
p90356," ""abortion"""
p108956," ""abortion"""
p148870," ""abortion"""
p185370," ""abortion"""
p9735," ""abortion"""
p171969," ""abortion"""
p246950," ""abortion"""
p185730," ""abortion"""
p127698," ""abortion"""
p204840," ""abortion"""
p185938," ""abortion"""
p91314," ""abortion"""
p247092," ""abortion"""
p47753," ""abortion"""
p64893," ""abortion"""
p127518," ""abortion"""
p246845," ""abortion"""
p127770," ""abortion"""
p246780," ""abortion"""
p217897," ""abortion"""
p47937," ""abortion"""
p91229," ""abortion"""
p47613," ""abortion"""
p23906," ""abortion"""
p204631," ""abortion"""
p246760," ""abortion"""
p13247," ""abortion"""
p246826," ""abortion"""
p246750," ""abortion"""
p247112," ""abortion"""
p186346," ""abortion"""
p219573," ""abortion"""
p129678," ""abortion"""
p48609," ""abortion"""
p128994," ""abortion"""
p22982," ""abortion"""
p162406," ""abortion"""
p217795," ""abortion"""
p128688," ""abortion"""
p247100," ""abortion"""
p162628," ""abortion"""
p128142," ""abortion"""
p68231," ""abortion"""
p217741," ""abortion"""
p9875," ""abortion"""
p246776," ""abortion"""
p246869," ""abortion"""
p91094," ""abortion"""
p23950," ""abortion"""
p186202," ""abortion"""
p246859," ""abortion"""
p48617," ""abortion"""
p185122," ""abortion"""
p130506," ""abortion"""
p128148," ""abortion"""
p9970," ""abortion"""
p185098," ""abortion"""
p31256," ""abortion"""
p185194," ""abortion"""
p25985," ""abortion"""
p217655," ""abortion"""
p128238," ""abortion"""
p9825," ""abortion"""
p247221," ""abortion"""
p247073," ""abortion"""
p245106," ""abortion"""
p246774," ""abortion"""
p217853," ""abortion"""
p91049," ""abortion"""
p91334," ""abortion"""
p18893," ""abortion"""
p146134," ""abortion"""
p162700," ""abortion"""
p217903," ""abortion"""
p246997," ""abortion"""
p47765," ""abortion"""
p184210," ""abortion"""
p205236," ""abortion"""
p247224," ""abortion"""
p217647," ""abortion"""
p162268," ""abortion"""
p217611," ""abortion"""
p199904," ""abortion"""
p47761," ""abortion"""
p184514," ""abortion"""
p238999," ""abortion"""
p247259," ""abortion"""
p192464," ""abortion"""
p186002," ""abortion"""
p184642," ""abortion"""
p184202," ""abortion"""
p102278," ""abortion"""
p162466," ""abortion"""
p24049," ""abortion"""
p146152," ""abortion"""
p213727," ""abortion"""
p47677," ""abortion"""
p205291," ""abortion"""
p192219," ""abortion"""
p130236," ""abortion"""
p126033," ""abortion"""
p217625," ""abortion"""
p186066," ""abortion"""
p217963," ""abortion"""
p247080," ""abortion"""
p26414," ""abortion"""
p71986," ""abortion"""
p184890," ""abortion"""
p124022," ""abortion"""
p246901," ""abortion"""
p25160," ""abortion"""
p247256," ""abortion"""
p27250," ""abortion"""
p9865," ""abortion"""
p217621," ""abortion"""
p224437," ""abortion"""
p47897," ""abortion"""
p224505," ""abortion"""
p205313," ""abortion"""
p217783," ""abortion"""
p247284," ""abortion"""
p126061," ""abortion"""
p130020," ""abortion"""
p68213," ""abortion"""
p186906," ""abortion"""
p146080," ""abortion"""
p71546," ""abortion"""
p66818," ""abortion"""
p47921," ""abortion"""
p217761," ""abortion"""
p31326," ""abortion"""
p149398," ""abortion"""
p217693," ""abortion"""
p246773," ""abortion"""
p145936," ""abortion"""
p129768," ""abortion"""
p27008," ""abortion"""
p185298," ""abortion"""
p247138," ""abortion"""
p127704," ""abortion"""
p217977," ""abortion"""
p127380," ""abortion"""
p162580," ""abortion"""
p246933," ""abortion"""
p186874," ""abortion"""
p246779," ""abortion"""
p71666," ""abortion"""
p100430," ""abortion"""
p247071," ""abortion"""
p18890," ""abortion"""
p66682," ""abortion"""
p71882," ""abortion"""
p64845," ""abortion"""
p217805," ""abortion"""
p247282," ""abortion"""
p142473," ""abortion"""
p103076," ""abortion"""
p186378," ""abortion"""
p192030," ""abortion"""
p217747," ""abortion"""
p185266," ""abortion"""
p58731," ""abortion"""
p246964," ""abortion"""
p112282," ""abortion"""
p47701," ""abortion"""
p186322," ""abortion"""
p184018," ""abortion"""
p58764," ""abortion"""
p237449," ""abortion"""
p23378," ""abortion"""
p243122," ""abortion"""
p162396," ""abortion"""
p91164," ""abortion"""
p47993," ""abortion"""
p90452," ""abortion"""
p188032," ""abortion"""
p185170," ""abortion"""
p247298," ""abortion"""
p185114," ""abortion"""
p217889," ""abortion"""
p9745," ""abortion"""
p242161," ""abortion"""
p69256," ""abortion"""
p68420," ""abortion"""
p184626," ""abortion"""
p129786," ""abortion"""
p91189," ""abortion"""
p118250," ""abortion"""
p48293," ""abortion"""
p48749," ""abortion"""
p186434," ""abortion"""
p224483," ""abortion"""
p91844," ""abortion"""
p127260," ""abortion"""
p64870," ""abortion"""
p186770," ""abortion"""
p91649," ""abortion"""
p26645," ""abortion"""
p130014," ""abortion"""
p186018," ""abortion"""
p246961," ""abortion"""
p91584," ""abortion"""
p238689," ""abortion"""
p58995," ""abortion"""
p64877," ""abortion"""
p130758," ""abortion"""
p142441," ""abortion"""
p23279," ""abortion"""
p246777," ""abortion"""
p224447," ""abortion"""
p224555," ""abortion"""
p192744," ""abortion"""
p128292," ""abortion"""
p184026," ""abortion"""
p246784," ""abortion"""
p149476," ""abortion"""
p217953," ""abortion"""
p247275," ""abortion"""
p186450," ""abortion"""
p104336," ""abortion"""
p128160," ""abortion"""
p204444," ""abortion"""
p247106," ""abortion"""
p90494," ""abortion"""
p48165," ""abortion"""
p48481," ""abortion"""
p146140," ""abortion"""
p142413," ""abortion"""
p24258," ""abortion"""
p188240," ""abortion"""
p247082," ""abortion"""
p64899," ""abortion"""
p189744," ""abortion"""
p22674," ""abortion"""
p48737," ""abortion"""
p247009," ""abortion"""
p24544," ""abortion"""
p189008," ""abortion"""
p246857," ""abortion"""
p128208," ""abortion"""
p247297," ""abortion"""
p235713," ""abortion"""
p27085," ""abortion"""
p184322," ""abortion"""
p162218," ""abortion"""
p185954," ""abortion"""
p172565," ""abortion"""
p89018," ""abortion"""
p217937," ""abortion"""
p91474," ""abortion"""
p185306," ""abortion"""
p246936," ""abortion"""
p24489," ""abortion"""
p64855," ""abortion"""
p247226," ""abortion"""
p184338," ""abortion"""
p236271," ""abortion"""
p186210," ""abortion"""
p199834," ""abortion"""
p48505," ""abortion"""
p247061," ""abortion"""
p184354," ""abortion"""
p213932," ""abortion"""
p129936," ""abortion"""
p23455," ""abortion"""
p91779," ""abortion"""
p142465," ""abortion"""
p23103," ""abortion"""
p129090," ""abortion"""
p186562," ""abortion"""
p184378," ""abortion"""
p184762," ""abortion"""
p128154," ""abortion"""
p24291," ""abortion"""
p247182," ""abortion"""
p217911," ""abortion"""
p246940," ""abortion"""
p217689," ""abortion"""
p166075," ""abortion"""
p48345," ""abortion"""
p224535," ""abortion"""
p247174," ""abortion"""
p247185," ""abortion"""
p217927," ""abortion"""
p128484," ""abortion"""
p246743," ""abortion"""
p91669," ""abortion"""
p247123," ""abortion"""
p224493," ""abortion"""
p91749," ""abortion"""
p246887," ""abortion"""
p185754," ""abortion"""
p247170," ""abortion"""
p185882," ""abortion"""
p128400," ""abortion"""
p217893," ""abortion"""
p224497," ""abortion"""
p165067," ""abortion"""
p247028," ""abortion"""
p91449," ""abortion"""
p68456," ""abortion"""
p199680," ""abortion"""
p146194," ""abortion"""
p224511," ""abortion"""
p185154," ""abortion"""
p247186," ""abortion"""
p101312," ""abortion"""
p127944," ""abortion"""
p188992," ""abortion"""
p23235," ""abortion"""
p10040," ""abortion"""
p246795," ""abortion"""
p91629," ""abortion"""
p91729," ""abortion"""
p246858," ""abortion"""
p27338," ""abortion"""
p217849," ""abortion"""
p48741," ""abortion"""
p23719," ""abortion"""
p184186," ""abortion"""
p246960," ""abortion"""
p243804," ""abortion"""
p22938," ""abortion"""
p224397," ""abortion"""
p184490," ""abortion"""
p246919," ""abortion"""
p25424," ""abortion"""
p116858," ""abortion"""
p142527," ""abortion"""
p89006," ""abortion"""
p192569," ""abortion"""
p186858," ""abortion"""
p27118," ""abortion"""
p186162," ""abortion"""
p146026," ""abortion"""
p224553," ""abortion"""
p190656," ""abortion"""
p247287," ""abortion"""
p23917," ""abortion"""
p130512," ""abortion"""
p217905," ""abortion"""
p66665," ""abortion"""
p184634," ""abortion"""
p186842," ""abortion"""
p69368," ""abortion"""
p24082," ""abortion"""
p172577," ""abortion"""
p246756," ""abortion"""
p142571," ""abortion"""
p9795," ""abortion"""
p92244," ""abortion"""
p224481," ""abortion"""
p247062," ""abortion"""
p9805," ""abortion"""
p9965," ""abortion"""
p91114," ""abortion"""
p246751," ""abortion"""
p247228," ""abortion"""
p26271," ""abortion"""
p23543," ""abortion"""
p217605," ""abortion"""
p48057," ""abortion"""
p127416," ""abortion"""
p142409," ""abortion"""
p171939," ""abortion"""
p247151," ""abortion"""
p200296," ""abortion"""
p184794," ""abortion"""
p224423," ""abortion"""
p247219," ""abortion"""
p220240," ""abortion"""
p187872," ""abortion"""
p142445," ""abortion"""
p90999," ""abortion"""
p71962," ""abortion"""
p246991," ""abortion"""
p162530," ""abortion"""
p48237," ""abortion"""
p123732," ""abortion"""
p247154," ""abortion"""
p185986," ""abortion"""
p162828," ""abortion"""
p26051," ""abortion"""
p27272," ""abortion"""
p69445," ""abortion"""
p246976," ""abortion"""
p112602," ""abortion"""
p246739," ""abortion"""
p130476," ""abortion"""
p69312," ""abortion"""
p246957," ""abortion"""
p31121," ""abortion"""
p24060," ""abortion"""
p200044," ""abortion"""
p185698," ""abortion"""
p149068," ""abortion"""
p246968," ""abortion"""
p247016," ""abortion"""
p47797," ""abortion"""
p71698," ""abortion"""
p247183," ""abortion"""
p90536," ""abortion"""
p47605," ""abortion"""
p162344," ""abortion"""
p9895," ""abortion"""
p224557," ""abortion"""
p205049," ""abortion"""
p25193," ""abortion"""
p142481," ""abortion"""
p130272," ""abortion"""
p237015," ""abortion"""
p217635," ""abortion"""
p204763," ""abortion"""
p247145," ""abortion"""
p185250," ""abortion"""
p26975," ""abortion"""
p25083," ""abortion"""
p224515," ""abortion"""
p13255," ""abortion"""
p247052," ""abortion"""
p247119," ""abortion"""
p165742," ""abortion"""
p239061," ""abortion"""
p130038," ""abortion"""
p199316," ""abortion"""
p127692," ""abortion"""
p247303," ""abortion"""
p129930," ""abortion"""
p128598," ""abortion"""
p217867," ""abortion"""
p185738," ""abortion"""
p71778," ""abortion"""
p26777," ""abortion"""
p126041," ""abortion"""
p184498," ""abortion"""
p48049," ""abortion"""
p146110," ""abortion"""
p164671," ""abortion"""
p90140," ""abortion"""
p126278," ""gay marriage"""
p53629," ""gay marriage"""
p77338," ""gay marriage"""
p88235," ""gay marriage"""
p218613," ""gay marriage"""
p88341," ""gay marriage"""
p88029," ""gay marriage"""
p218905," ""gay marriage"""
p141213," ""gay marriage"""
p46321," ""gay marriage"""
p93519," ""gay marriage"""
p59137," ""gay marriage"""
p143246," ""gay marriage"""
p38921," ""gay marriage"""
p126703," ""gay marriage"""
p85424," ""gay marriage"""
p42501," ""gay marriage"""
p124893," ""gay marriage"""
p83026," ""gay marriage"""
p125445," ""gay marriage"""
p16285," ""gay marriage"""
p40621," ""gay marriage"""
p218949," ""gay marriage"""
p148096," ""gay marriage"""
p124294," ""gay marriage"""
p141192," ""gay marriage"""
p96032," ""gay marriage"""
p85604," ""gay marriage"""
p141885," ""gay marriage"""
p43301," ""gay marriage"""
p93060," ""gay marriage"""
p148510," ""gay marriage"""
p85048," ""gay marriage"""
p34821," ""gay marriage"""
p143501," ""gay marriage"""
p143406," ""gay marriage"""
p87679," ""gay marriage"""
p206622," ""gay marriage"""
p234739," ""gay marriage"""
p31566," ""gay marriage"""
p197227," ""gay marriage"""
p46161," ""gay marriage"""
p126135," ""gay marriage"""
p87769," ""gay marriage"""
p34941," ""gay marriage"""
p87765," ""gay marriage"""
p88373," ""gay marriage"""
p163254," ""gay marriage"""
p37361," ""gay marriage"""
p65289," ""gay marriage"""
p118478," ""gay marriage"""
p217355," ""gay marriage"""
p178374," ""gay marriage"""
p203521," ""gay marriage"""
p92358," ""gay marriage"""
p87865," ""gay marriage"""
p39581," ""gay marriage"""
p245367," ""gay marriage"""
p234384," ""gay marriage"""
p93771," ""gay marriage"""
p234924," ""gay marriage"""
p234424," ""gay marriage"""
p146537," ""gay marriage"""
p59201," ""gay marriage"""
p209178," ""gay marriage"""
p86022," ""gay marriage"""
p85850," ""gay marriage"""
p41221," ""gay marriage"""
p65257," ""gay marriage"""
p126685," ""gay marriage"""
p85628," ""gay marriage"""
p53561," ""gay marriage"""
p125749," ""gay marriage"""
p37801," ""gay marriage"""
p142881," ""gay marriage"""
p147538," ""gay marriage"""
p86186," ""gay marriage"""
p86126," ""gay marriage"""
p86330," ""gay marriage"""
p85504," ""gay marriage"""
p59695," ""gay marriage"""
p124276," ""gay marriage"""
p124349," ""gay marriage"""
p178314," ""gay marriage"""
p87569," ""gay marriage"""
p96086," ""gay marriage"""
p38561," ""gay marriage"""
p83338," ""gay marriage"""
p234489," ""gay marriage"""
p85112," ""gay marriage"""
p77650," ""gay marriage"""
p148012," ""gay marriage"""
p142726," ""gay marriage"""
p146451," ""gay marriage"""
p126562," ""gay marriage"""
p125909," ""gay marriage"""
p224303," ""gay marriage"""
p30981," ""gay marriage"""
p39761," ""gay marriage"""
p124282," ""gay marriage"""
p74026," ""gay marriage"""
p40101," ""gay marriage"""
p88583," ""gay marriage"""
p1970," ""gay marriage"""
p141465," ""gay marriage"""
p88023," ""gay marriage"""
p81538," ""gay marriage"""
p147946," ""gay marriage"""
p92808," ""gay marriage"""
p92628," ""gay marriage"""
p207450," ""gay marriage"""
p43841," ""gay marriage"""
p88071," ""gay marriage"""
p80146," ""gay marriage"""
p2460," ""gay marriage"""
p88345," ""gay marriage"""
p203369," ""gay marriage"""
p59199," ""gay marriage"""
p234724," ""gay marriage"""
p245505," ""gay marriage"""
p38821," ""gay marriage"""
p74866," ""gay marriage"""
p85586," ""gay marriage"""
p95798," ""gay marriage"""
p87699," ""gay marriage"""
p82426," ""gay marriage"""
p88496," ""gay marriage"""
p40021," ""gay marriage"""
p234484," ""gay marriage"""
p245613," ""gay marriage"""
p234284," ""gay marriage"""
p164066," ""gay marriage"""
p126412," ""gay marriage"""
p206070," ""gay marriage"""
p88075," ""gay marriage"""
p207102," ""gay marriage"""
p88337," ""gay marriage"""
p34521," ""gay marriage"""
p219001," ""gay marriage"""
p209022," ""gay marriage"""
p88490," ""gay marriage"""
p146475," ""gay marriage"""
p41661," ""gay marriage"""
p234849," ""gay marriage"""
p2187," ""gay marriage"""
p218759," ""gay marriage"""
p84322," ""gay marriage"""
p245577," ""gay marriage"""
p94587," ""gay marriage"""
p53681," ""gay marriage"""
p126208," ""gay marriage"""
p88117," ""gay marriage"""
p197277," ""gay marriage"""
p39461," ""gay marriage"""
p195627," ""gay marriage"""
p38741," ""gay marriage"""
p46881," ""gay marriage"""
p94711," ""gay marriage"""
p59667," ""gay marriage"""
p206574," ""gay marriage"""
p88511," ""gay marriage"""
p207378," ""gay marriage"""
p43921," ""gay marriage"""
p124453," ""gay marriage"""
p72202," ""gay marriage"""
p195307," ""gay marriage"""
p87625," ""gay marriage"""
p45621," ""gay marriage"""
p46281," ""gay marriage"""
p37161," ""gay marriage"""
p59213," ""gay marriage"""
p143226," ""gay marriage"""
p82882," ""gay marriage"""
p47161," ""gay marriage"""
p86106," ""gay marriage"""
p234794," ""gay marriage"""
p92952," ""gay marriage"""
p34541," ""gay marriage"""
p206502," ""gay marriage"""
p59145," ""gay marriage"""
p86302," ""gay marriage"""
p65293," ""gay marriage"""
p234629," ""gay marriage"""
p163296," ""gay marriage"""
p143126," ""gay marriage"""
p74410," ""gay marriage"""
p44481," ""gay marriage"""
p217233," ""gay marriage"""
p94623," ""gay marriage"""
p206010," ""gay marriage"""
p207354," ""gay marriage"""
p118464," ""gay marriage"""
p126261," ""gay marriage"""
p87997," ""gay marriage"""
p208206," ""gay marriage"""
p93447," ""gay marriage"""
p37981," ""gay marriage"""
p141647," ""gay marriage"""
p163933," ""gay marriage"""
p83650," ""gay marriage"""
p2453," ""gay marriage"""
p146417," ""gay marriage"""
p195997," ""gay marriage"""
p148360," ""gay marriage"""
p43181," ""gay marriage"""
p126454," ""gay marriage"""
p88679," ""gay marriage"""
p234344," ""gay marriage"""
p46801," ""gay marriage"""
p88493," ""gay marriage"""
p41381," ""gay marriage"""
p146487," ""gay marriage"""
p207702," ""gay marriage"""
p85830," ""gay marriage"""
p163632," ""gay marriage"""
p93744," ""gay marriage"""
p142214," ""gay marriage"""
p143261," ""gay marriage"""
p143371," ""gay marriage"""
p39221," ""gay marriage"""
p125629," ""gay marriage"""
p164206," ""gay marriage"""
p94311," ""gay marriage"""
p87797," ""gay marriage"""
p196697," ""gay marriage"""
p234289," ""gay marriage"""
p146495," ""gay marriage"""
p94703," ""gay marriage"""
p118480," ""gay marriage"""
p218981," ""gay marriage"""
p143596," ""gay marriage"""
p2404," ""gay marriage"""
p146497," ""gay marriage"""
p143321," ""gay marriage"""
p141430," ""gay marriage"""
p217571," ""gay marriage"""
p196647," ""gay marriage"""
p88173," ""gay marriage"""
p2327," ""gay marriage"""
p126307," ""gay marriage"""
p125773," ""gay marriage"""
p126523," ""gay marriage"""
p88199," ""gay marriage"""
p1816," ""gay marriage"""
p87821," ""gay marriage"""
p142796," ""gay marriage"""
p88592," ""gay marriage"""
p143616," ""gay marriage"""
p92610," ""gay marriage"""
p125045," ""gay marriage"""
p163513," ""gay marriage"""
p217559," ""gay marriage"""
p163954," ""gay marriage"""
p86258," ""gay marriage"""
p76330," ""gay marriage"""
p178131," ""gay marriage"""
p208374," ""gay marriage"""
p209418," ""gay marriage"""
p29151," ""gay marriage"""
p126247," ""gay marriage"""
p59175," ""gay marriage"""
p46341," ""gay marriage"""
p126219," ""gay marriage"""
p148540," ""gay marriage"""
p124286," ""gay marriage"""
p88053," ""gay marriage"""
p74146," ""gay marriage"""
p2159," ""gay marriage"""
p208098," ""gay marriage"""
p95681," ""gay marriage"""
p125549," ""gay marriage"""
p217507," ""gay marriage"""
p2103," ""gay marriage"""
p94041," ""gay marriage"""
p81394," ""gay marriage"""
p206850," ""gay marriage"""
p42941," ""gay marriage"""
p1879," ""gay marriage"""
p96320," ""gay marriage"""
p47041," ""gay marriage"""
p36161," ""gay marriage"""
p217551," ""gay marriage"""
p148456," ""gay marriage"""
p125917," ""gay marriage"""
p1760," ""gay marriage"""
p84106," ""gay marriage"""
p142256," ""gay marriage"""
p163611," ""gay marriage"""
p44421," ""gay marriage"""
p126320," ""gay marriage"""
p148396," ""gay marriage"""
p31092," ""gay marriage"""
p124288," ""gay marriage"""
p43621," ""gay marriage"""
p124274," ""gay marriage"""
p146419," ""gay marriage"""
p72466," ""gay marriage"""
p217427," ""gay marriage"""
p59207," ""gay marriage"""
p194507," ""gay marriage"""
p218763," ""gay marriage"""
p126195," ""gay marriage"""
p79066," ""gay marriage"""
p197297," ""gay marriage"""
p124589," ""gay marriage"""
p143601," ""gay marriage"""
p126289," ""gay marriage"""
p86294," ""gay marriage"""
p87833," ""gay marriage"""
p142931," ""gay marriage"""
p95978," ""gay marriage"""
p141612," ""gay marriage"""
p75994," ""gay marriage"""
p126147," ""gay marriage"""
p41701," ""gay marriage"""
p39161," ""gay marriage"""
p164087," ""gay marriage"""
p93708," ""gay marriage"""
p38221," ""gay marriage"""
p72970," ""gay marriage"""
p217323," ""gay marriage"""
p141857," ""gay marriage"""
p122266," ""gay marriage"""
p75130," ""gay marriage"""
p245589," ""gay marriage"""
p88097," ""gay marriage"""
p29239," ""gay marriage"""
p146432," ""gay marriage"""
p36281," ""gay marriage"""
p126226," ""gay marriage"""
p37621," ""gay marriage"""
p88574," ""gay marriage"""
p164185," ""gay marriage"""
p143356," ""gay marriage"""
p45441," ""gay marriage"""
p59587," ""gay marriage"""
p88377," ""gay marriage"""
p44521," ""gay marriage"""
p126121," ""gay marriage"""
p92583," ""gay marriage"""
p76522," ""gay marriage"""
p142811," ""gay marriage"""
p86298," ""gay marriage"""
p218801," ""gay marriage"""
p143086," ""gay marriage"""
p2957," ""gay marriage"""
p28599," ""gay marriage"""
p88670," ""gay marriage"""
p88181," ""gay marriage"""
p224037," ""gay marriage"""
p65245," ""gay marriage"""
p40721," ""gay marriage"""
p16313," ""gay marriage"""
p1746," ""gay marriage"""
p43801," ""gay marriage"""
p206466," ""gay marriage"""
p79930," ""gay marriage"""
p245625," ""gay marriage"""
p124329," ""gay marriage"""
p2271," ""gay marriage"""
p217279," ""gay marriage"""
p88001," ""gay marriage"""
p146420," ""gay marriage"""
p74770," ""gay marriage"""
p53749," ""gay marriage"""
p194887," ""gay marriage"""
p126203," ""gay marriage"""
p41621," ""gay marriage"""
p124845," ""gay marriage"""
p87761," ""gay marriage"""
p148234," ""gay marriage"""
p59661," ""gay marriage"""
p53601," ""gay marriage"""
p33706," ""gay marriage"""
p42721," ""gay marriage"""
p197007," ""gay marriage"""
p45121," ""gay marriage"""
p143441," ""gay marriage"""
p124305," ""gay marriage"""
p87709," ""gay marriage"""
p163814," ""gay marriage"""
p197607," ""gay marriage"""
p93825," ""gay marriage"""
p143311," ""gay marriage"""
p126673," ""gay marriage"""
p126354," ""gay marriage"""
p85856," ""gay marriage"""
p142846," ""gay marriage"""
p76354," ""gay marriage"""
p59177," ""gay marriage"""
p36981," ""gay marriage"""
p245313," ""gay marriage"""
p124853," ""gay marriage"""
p59179," ""gay marriage"""
p164262," ""gay marriage"""
p207222," ""gay marriage"""
p88625," ""gay marriage"""
p126232," ""gay marriage"""
p245523," ""gay marriage"""
p95924," ""gay marriage"""
p209766," ""gay marriage"""
p146523," ""gay marriage"""
p76378," ""gay marriage"""
p208794," ""gay marriage"""
p146440," ""gay marriage"""
p85776," ""gay marriage"""
p163275," ""gay marriage"""
p205674," ""gay marriage"""
p76546," ""gay marriage"""
p85868," ""gay marriage"""
p163905," ""gay marriage"""
p73138," ""gay marriage"""
p74218," ""gay marriage"""
p2215," ""gay marriage"""
p80314," ""gay marriage"""
p209130," ""gay marriage"""
p141591," ""gay marriage"""
p219023," ""gay marriage"""
p196127," ""gay marriage"""
p163177," ""gay marriage"""
p85824," ""gay marriage"""
p197637," ""gay marriage"""
p197317," ""gay marriage"""
p96329," ""gay marriage"""
p73522," ""gay marriage"""
p86000," ""gay marriage"""
p126342," ""gay marriage"""
p87619," ""gay marriage"""
p195737," ""gay marriage"""
p42621," ""gay marriage"""
p93357," ""gay marriage"""
p126256," ""gay marriage"""
p73186," ""gay marriage"""
p147706," ""gay marriage"""
p73858," ""gay marriage"""
p122259," ""gay marriage"""
p39801," ""gay marriage"""
p196577," ""gay marriage"""
p44881," ""gay marriage"""
p126227," ""gay marriage"""
p124307," ""gay marriage"""
p234139," ""gay marriage"""
p126249," ""gay marriage"""
p75202," ""gay marriage"""
p87773," ""gay marriage"""
p196097," ""gay marriage"""
p94747," ""gay marriage"""
p41581," ""gay marriage"""
p59619," ""gay marriage"""
p40961," ""gay marriage"""
p141941," ""gay marriage"""
p65253," ""gay marriage"""
p124275," ""gay marriage"""
p118462," ""gay marriage"""
p146542," ""gay marriage"""
p59107," ""gay marriage"""
p218713," ""gay marriage"""
p122385," ""gay marriage"""
p126535," ""gay marriage"""
p218983," ""gay marriage"""
p92304," ""gay marriage"""
p122329," ""gay marriage"""
p207930," ""gay marriage"""
p204393," ""gay marriage"""
p245487," ""gay marriage"""
p125797," ""gay marriage"""
p39941," ""gay marriage"""
p206370," ""gay marriage"""
p88045," ""gay marriage"""
p36261," ""gay marriage"""
p125533," ""gay marriage"""
p35821," ""gay marriage"""
p218653," ""gay marriage"""
p124318," ""gay marriage"""
p92691," ""gay marriage"""
p39481," ""gay marriage"""
p124581," ""gay marriage"""
p203809," ""gay marriage"""
p96275," ""gay marriage"""
p118477," ""gay marriage"""
p217499," ""gay marriage"""
p217303," ""gay marriage"""
p59679," ""gay marriage"""
p16288," ""gay marriage"""
p85660," ""gay marriage"""
p206562," ""gay marriage"""
p141864," ""gay marriage"""
p146434," ""gay marriage"""
p93024," ""gay marriage"""
p96230," ""gay marriage"""
p93294," ""gay marriage"""
p195817," ""gay marriage"""
p224380," ""gay marriage"""
p206778," ""gay marriage"""
p146443," ""gay marriage"""
p126706," ""gay marriage"""
p147736," ""gay marriage"""
p146449," ""gay marriage"""
p94483," ""gay marriage"""
p74266," ""gay marriage"""
p93258," ""gay marriage"""
p36221," ""gay marriage"""
p196717," ""gay marriage"""
p65291," ""gay marriage"""
p87509," ""gay marriage"""
p95762," ""gay marriage"""
p85828," ""gay marriage"""
p122406," ""gay marriage"""
p36761," ""gay marriage"""
p31098," ""gay marriage"""
p2670," ""gay marriage"""
p126276," ""gay marriage"""
p94667," ""gay marriage"""
p234574," ""gay marriage"""
p85966," ""gay marriage"""
p92907," ""gay marriage"""
p197117," ""gay marriage"""
p86060," ""gay marriage"""
p163436," ""gay marriage"""
p87667," ""gay marriage"""
p124733," ""gay marriage"""
p164241," ""gay marriage"""
p79906," ""gay marriage"""
p142179," ""gay marriage"""
p92268," ""gay marriage"""
p209070," ""gay marriage"""
p164248," ""gay marriage"""
p36961," ""gay marriage"""
p124413," ""gay marriage"""
p204253," ""gay marriage"""
p195347," ""gay marriage"""
p219005," ""gay marriage"""
p92835," ""gay marriage"""
p38681," ""gay marriage"""
p234504," ""gay marriage"""
p87749," ""gay marriage"""
p45941," ""gay marriage"""
p146479," ""gay marriage"""
p126631," ""gay marriage"""
p74122," ""gay marriage"""
p88313," ""gay marriage"""
p125061," ""gay marriage"""
p59165," ""gay marriage"""
p53817," ""gay marriage"""
p245283," ""gay marriage"""
p93717," ""gay marriage"""
p86282," ""gay marriage"""
p72946," ""gay marriage"""
p203577," ""gay marriage"""
p59593," ""gay marriage"""
p141374," ""gay marriage"""
p208278," ""gay marriage"""
p163520," ""gay marriage"""
p35641," ""gay marriage"""
p194747," ""gay marriage"""
p87577," ""gay marriage"""
p143026," ""gay marriage"""
p34661," ""gay marriage"""
p80026," ""gay marriage"""
p217519," ""gay marriage"""
p85650," ""gay marriage"""
p146433," ""gay marriage"""
p78898," ""gay marriage"""
p217459," ""gay marriage"""
p209082," ""gay marriage"""
p86250," ""gay marriage"""
p92745," ""gay marriage"""
p93384," ""gay marriage"""
p92511," ""gay marriage"""
p38941," ""gay marriage"""
p53497," ""gay marriage"""
p93663," ""gay marriage"""
p88037," ""gay marriage"""
p41541," ""gay marriage"""
p46501," ""gay marriage"""
p125461," ""gay marriage"""
p203681," ""gay marriage"""
p126151," ""gay marriage"""
p87643," ""gay marriage"""
p86178," ""gay marriage"""
p126332," ""gay marriage"""
p85784," ""gay marriage"""
p178431," ""gay marriage"""
p163793," ""gay marriage"""
p218675," ""gay marriage"""
p40521," ""gay marriage"""
p124885," ""gay marriage"""
p217395," ""gay marriage"""
p93015," ""gay marriage"""
p88403," ""gay marriage"""
p125501," ""gay marriage"""
p86004," ""gay marriage"""
p85968," ""gay marriage"""
p208506," ""gay marriage"""
p59591," ""gay marriage"""
p86036," ""gay marriage"""
p38521," ""gay marriage"""
p217257," ""gay marriage"""
p197567," ""gay marriage"""
p218727," ""gay marriage"""
p85892," ""gay marriage"""
p126201," ""gay marriage"""
p203929," ""gay marriage"""
p88257," ""gay marriage"""
p147838," ""gay marriage"""
p42241," ""gay marriage"""
p87847," ""gay marriage"""
p85040," ""gay marriage"""
p124291," ""gay marriage"""
p38641," ""gay marriage"""
p76186," ""gay marriage"""
p205890," ""gay marriage"""
p234749," ""gay marriage"""
p93600," ""gay marriage"""
p93690," ""gay marriage"""
p126209," ""gay marriage"""
p146498," ""gay marriage"""
p126279," ""gay marriage"""
p126093," ""gay marriage"""
p87707," ""gay marriage"""
p93042," ""gay marriage"""
p2166," ""gay marriage"""
p94611," ""gay marriage"""
p143551," ""gay marriage"""
p126221," ""gay marriage"""
p246415," ""gay marriage"""
p124298," ""gay marriage"""
p74986," ""gay marriage"""
p146535," ""gay marriage"""
p44981," ""gay marriage"""
p217327," ""gay marriage"""
p203617," ""gay marriage"""
p37481," ""gay marriage"""
p76306," ""gay marriage"""
p126475," ""gay marriage"""
p126655," ""gay marriage"""
p59693," ""gay marriage"""
p124405," ""gay marriage"""
p88303," ""gay marriage"""
p218841," ""gay marriage"""
p234274," ""gay marriage"""
p219007," ""gay marriage"""
p85670," ""gay marriage"""
p53633," ""gay marriage"""
p36941," ""gay marriage"""
p86334," ""gay marriage"""
p146431," ""gay marriage"""
p234534," ""gay marriage"""
p92709," ""gay marriage"""
p39721," ""gay marriage"""
p196027," ""gay marriage"""
p96131," ""gay marriage"""
p245619," ""gay marriage"""
p126272," ""gay marriage"""
p59601," ""gay marriage"""
p125117," ""gay marriage"""
p245223," ""gay marriage"""
p95897," ""gay marriage"""
p124293," ""gay marriage"""
p146462," ""gay marriage"""
p87501," ""gay marriage"""
p87603," ""gay marriage"""
p178212," ""gay marriage"""
p245397," ""gay marriage"""
p88205," ""gay marriage"""
p148288," ""gay marriage"""
p217251," ""gay marriage"""
p126457," ""gay marriage"""
p218651," ""gay marriage"""
p93681," ""gay marriage"""
p87647," ""gay marriage"""
p148384," ""gay marriage"""
p205722," ""gay marriage"""
p146481," ""gay marriage"""
p146485," ""gay marriage"""
p59113," ""gay marriage"""
p196537," ""gay marriage"""
p125829," ""gay marriage"""
p87803," ""gay marriage"""
p147922," ""gay marriage"""
p93861," ""gay marriage"""
p124300," ""gay marriage"""
p59683," ""gay marriage"""
p2516," ""gay marriage"""
p218615," ""gay marriage"""
p87539," ""gay marriage"""
p124781," ""gay marriage"""
p86134," ""gay marriage"""
p88508," ""gay marriage"""
p163898," ""gay marriage"""
p126466," ""gay marriage"""
p85654," ""gay marriage"""
p194447," ""gay marriage"""
p2845," ""gay marriage"""
p65331," ""gay marriage"""
p148330," ""gay marriage"""
p125333," ""gay marriage"""
p87561," ""gay marriage"""
p143106," ""gay marriage"""
p85814," ""gay marriage"""
p203849," ""gay marriage"""
p83002," ""gay marriage"""
p218623," ""gay marriage"""
p163667," ""gay marriage"""
p142956," ""gay marriage"""
p93807," ""gay marriage"""
p59583," ""gay marriage"""
p126511," ""gay marriage"""
p93510," ""gay marriage"""
p39501," ""gay marriage"""
p246391," ""gay marriage"""
p126373," ""gay marriage"""
p88655," ""gay marriage"""
p2439," ""gay marriage"""
p147940," ""gay marriage"""
p163828," ""gay marriage"""
p1858," ""gay marriage"""
p163863," ""gay marriage"""
p53765," ""gay marriage"""
p35001," ""gay marriage"""
p88167," ""gay marriage"""
p43901," ""gay marriage"""
p146422," ""gay marriage"""
p87693," ""gay marriage"""
p217311," ""gay marriage"""
p59097," ""gay marriage"""
p35341," ""gay marriage"""
p83050," ""gay marriage"""
p87485," ""gay marriage"""
p164122," ""gay marriage"""
p146455," ""gay marriage"""
p36401," ""gay marriage"""
p59181," ""gay marriage"""
p234319," ""gay marriage"""
p88409," ""gay marriage"""
p85954," ""gay marriage"""
p207258," ""gay marriage"""
p126233," ""gay marriage"""
p234874," ""gay marriage"""
p142936," ""gay marriage"""
p87715," ""gay marriage"""
p234229," ""gay marriage"""
p87507," ""gay marriage"""
p124317," ""gay marriage"""
p143206," ""gay marriage"""
p45921," ""gay marriage"""
p2117," ""gay marriage"""
p147754," ""gay marriage"""
p209814," ""gay marriage"""
p2124," ""gay marriage"""
p163618," ""gay marriage"""
p219037," ""gay marriage"""
p83914," ""gay marriage"""
p85758," ""gay marriage"""
p86170," ""gay marriage"""
p148594," ""gay marriage"""
p2257," ""gay marriage"""
p65317," ""gay marriage"""
p43821," ""gay marriage"""
p88105," ""gay marriage"""
p87945," ""gay marriage"""
p85848," ""gay marriage"""
p163660," ""gay marriage"""
p163226," ""gay marriage"""
p217567," ""gay marriage"""
p38541," ""gay marriage"""
p163996," ""gay marriage"""
p93735," ""gay marriage"""
p126335," ""gay marriage"""
p94320," ""gay marriage"""
p125013," ""gay marriage"""
p73450," ""gay marriage"""
p163562," ""gay marriage"""
p39261," ""gay marriage"""
p40121," ""gay marriage"""
p124283," ""gay marriage"""
p94131," ""gay marriage"""
p218619," ""gay marriage"""
p1963," ""gay marriage"""
p85816," ""gay marriage"""
p72994," ""gay marriage"""
p87739," ""gay marriage"""
p86024," ""gay marriage"""
p125877," ""gay marriage"""
p196977," ""gay marriage"""
p208842," ""gay marriage"""
p196707," ""gay marriage"""
p126315," ""gay marriage"""
p38981," ""gay marriage"""
p203825," ""gay marriage"""
p84610," ""gay marriage"""
p124693," ""gay marriage"""
p219019," ""gay marriage"""
p84730," ""gay marriage"""
p118467," ""gay marriage"""
p217219," ""gay marriage"""
p126246," ""gay marriage"""
p147532," ""gay marriage"""
p246439," ""gay marriage"""
p126163," ""gay marriage"""
p234369," ""gay marriage"""
p59103," ""gay marriage"""
p196197," ""gay marriage"""
p83146," ""gay marriage"""
p146512," ""gay marriage"""
p2243," ""gay marriage"""
p206922," ""gay marriage"""
p93096," ""gay marriage"""
p78634," ""gay marriage"""
p94032," ""gay marriage"""
p124319," ""gay marriage"""
p59645," ""gay marriage"""
p93960," ""gay marriage"""
p218673," ""gay marriage"""
p39861," ""gay marriage"""
p42181," ""gay marriage"""
p92574," ""gay marriage"""
p53481," ""gay marriage"""
p126271," ""gay marriage"""
p207642," ""gay marriage"""
p217371," ""gay marriage"""
p142109," ""gay marriage"""
p197147," ""gay marriage"""
p224359," ""gay marriage"""
p209526," ""gay marriage"""
p234919," ""gay marriage"""
p126424," ""gay marriage"""
p218867," ""gay marriage"""
p88179," ""gay marriage"""
p65307," ""gay marriage"""
p126366," ""gay marriage"""
p88227," ""gay marriage"""
p31071," ""gay marriage"""
p79234," ""gay marriage"""
p34721," ""gay marriage"""
p93285," ""gay marriage"""
p85488," ""gay marriage"""
p39741," ""gay marriage"""
p147700," ""gay marriage"""
p86028," ""gay marriage"""
p93339," ""gay marriage"""
p74434," ""gay marriage"""
p204283," ""gay marriage"""
p172437," ""gay marriage"""
p28527," ""gay marriage"""
p147892," ""gay marriage"""
p85072," ""gay marriage"""
p141556," ""gay marriage"""
p35101," ""gay marriage"""
p85858," ""gay marriage"""
p146474," ""gay marriage"""
p234819," ""gay marriage"""
p88431," ""gay marriage"""
p223967," ""gay marriage"""
p2712," ""gay marriage"""
p28631," ""gay marriage"""
p164269," ""gay marriage"""
p203793," ""gay marriage"""
p94583," ""gay marriage"""
p118489," ""gay marriage"""
p85296," ""gay marriage"""
p194957," ""gay marriage"""
p86048," ""gay marriage"""
p124965," ""gay marriage"""
p43481," ""gay marriage"""
p38001," ""gay marriage"""
p87913," ""gay marriage"""
p217527," ""gay marriage"""
p2873," ""gay marriage"""
p203985," ""gay marriage"""
p65333," ""gay marriage"""
p126661," ""gay marriage"""
p87823," ""gay marriage"""
p1634," ""gay marriage"""
p76594," ""gay marriage"""
p85844," ""gay marriage"""
p203361," ""gay marriage"""
p203697," ""gay marriage"""
p59129," ""gay marriage"""
p195357," ""gay marriage"""
p59117," ""gay marriage"""
p223939," ""gay marriage"""
p163219," ""gay marriage"""
p88151," ""gay marriage"""
p28823," ""gay marriage"""
p126270," ""gay marriage"""
p126251," ""gay marriage"""
p82810," ""gay marriage"""
p85990," ""gay marriage"""
p59151," ""gay marriage"""
p141850," ""gay marriage"""
p84562," ""gay marriage"""
p163604," ""gay marriage"""
p88115," ""gay marriage"""
p94635," ""gay marriage"""
p85376," ""gay marriage"""
p93114," ""gay marriage"""
p178176," ""gay marriage"""
p196327," ""gay marriage"""
p148048," ""gay marriage"""
p87923," ""gay marriage"""
p93276," ""gay marriage"""
p59111," ""gay marriage"""
p79522," ""gay marriage"""
p125693," ""gay marriage"""
p234669," ""gay marriage"""
p40541," ""gay marriage"""
p88389," ""gay marriage"""
p37921," ""gay marriage"""
p35041," ""gay marriage"""
p141549," ""gay marriage"""
p141388," ""gay marriage"""
p88061," ""gay marriage"""
p178281," ""gay marriage"""
p38581," ""gay marriage"""
p33841," ""gay marriage"""
p65263," ""gay marriage"""
p79786," ""gay marriage"""
p126250," ""gay marriage"""
p217543," ""gay marriage"""
p94248," ""gay marriage"""
p143591," ""gay marriage"""
p92556," ""gay marriage"""
p33836," ""gay marriage"""
p85912," ""gay marriage"""
p88526," ""gay marriage"""
p77626," ""gay marriage"""
p65255," ""gay marriage"""
p163163," ""gay marriage"""
p86238," ""gay marriage"""
p59141," ""gay marriage"""
p1837," ""gay marriage"""
p125413," ""gay marriage"""
p163478," ""gay marriage"""
p46541," ""gay marriage"""
p141381," ""gay marriage"""
p33581," ""gay marriage"""
p146491," ""gay marriage"""
p163569," ""gay marriage"""
p218745," ""gay marriage"""
p178206," ""gay marriage"""
p124701," ""gay marriage"""
p31560," ""gay marriage"""
p88616," ""gay marriage"""
p245553," ""gay marriage"""
p1718," ""gay marriage"""
p203489," ""gay marriage"""
p234784," ""gay marriage"""
p85940," ""gay marriage"""
p33586," ""gay marriage"""
p40321," ""gay marriage"""
p83866," ""gay marriage"""
p126269," ""gay marriage"""
p76210," ""gay marriage"""
p1774," ""gay marriage"""
p204113," ""gay marriage"""
p197307," ""gay marriage"""
p85698," ""gay marriage"""
p59135," ""gay marriage"""
p218753," ""gay marriage"""
p36801," ""gay marriage"""
p53693," ""gay marriage"""
p141360," ""gay marriage"""
p73570," ""gay marriage"""
p218639," ""gay marriage"""
p88017," ""gay marriage"""
p126427," ""gay marriage"""
p2488," ""gay marriage"""
p87805," ""gay marriage"""
p53769," ""gay marriage"""
p124525," ""gay marriage"""
p87973," ""gay marriage"""
p65335," ""gay marriage"""
p141206," ""gay marriage"""
p59211," ""gay marriage"""
p126319," ""gay marriage"""
p43361," ""gay marriage"""
p46921," ""gay marriage"""
p148084," ""gay marriage"""
p204173," ""gay marriage"""
p203417," ""gay marriage"""
p163338," ""gay marriage"""
p163303," ""gay marriage"""
p35181," ""gay marriage"""
p217423," ""gay marriage"""
p87857," ""gay marriage"""
p77314," ""gay marriage"""
p81826," ""gay marriage"""
p141479," ""gay marriage"""
p85774," ""gay marriage"""
p2936," ""gay marriage"""
p1781," ""gay marriage"""
p118448," ""gay marriage"""
p16306," ""gay marriage"""
p148222," ""gay marriage"""
p142354," ""gay marriage"""
p87523," ""gay marriage"""
p93699," ""gay marriage"""
p31564," ""gay marriage"""
p46421," ""gay marriage"""
p217223," ""gay marriage"""
p85472," ""gay marriage"""
p126334," ""gay marriage"""
p234169," ""gay marriage"""
p204023," ""gay marriage"""
p196047," ""gay marriage"""
p205518," ""gay marriage"""
p86040," ""gay marriage"""
p31021," ""gay marriage"""
p141472," ""gay marriage"""
p92943," ""gay marriage"""
p35081," ""gay marriage"""
p206382," ""gay marriage"""
p38361," ""gay marriage"""
p234969," ""gay marriage"""
p196727," ""gay marriage"""
p178164," ""gay marriage"""
p82186," ""gay marriage"""
p146501," ""gay marriage"""
p218847," ""gay marriage"""
p88523," ""gay marriage"""
p118469," ""gay marriage"""
p126463," ""gay marriage"""
p125261," ""gay marriage"""
p93321," ""gay marriage"""
p37721," ""gay marriage"""
p29127," ""gay marriage"""
p205650," ""gay marriage"""
p178149," ""gay marriage"""
p37601," ""gay marriage"""
p96122," ""gay marriage"""
p85928," ""gay marriage"""
p94113," ""gay marriage"""
p124301," ""gay marriage"""
p2509," ""gay marriage"""
p85876," ""gay marriage"""
p83962," ""gay marriage"""
p92331," ""gay marriage"""
p146505," ""gay marriage"""
p126324," ""gay marriage"""
p125109," ""gay marriage"""
p88011," ""gay marriage"""
p146435," ""gay marriage"""
p85708," ""gay marriage"""
p217563," ""gay marriage"""
p92925," ""gay marriage"""
p1844," ""gay marriage"""
p88568," ""gay marriage"""
p126345," ""gay marriage"""
p40601," ""gay marriage"""
p92727," ""gay marriage"""
p59607," ""gay marriage"""
p172397," ""gay marriage"""
p88043," ""gay marriage"""
p85400," ""gay marriage"""
p163856," ""gay marriage"""
p245391," ""gay marriage"""
p125373," ""gay marriage"""
p126277," ""gay marriage"""
p126697," ""gay marriage"""
p163422," ""gay marriage"""
p141500," ""gay marriage"""
p219031," ""gay marriage"""
p85616," ""gay marriage"""
p92988," ""gay marriage"""
p88724," ""gay marriage"""
p118453," ""gay marriage"""
p126244," ""gay marriage"""
p124285," ""gay marriage"""
p34381," ""gay marriage"""
p146471," ""gay marriage"""
p217403," ""gay marriage"""
p36141," ""gay marriage"""
p92772," ""gay marriage"""
p205854," ""gay marriage"""
p82930," ""gay marriage"""
p85882," ""gay marriage"""
p147646," ""gay marriage"""
p85496," ""gay marriage"""
p146507," ""gay marriage"""
p75226," ""gay marriage"""
p88673," ""gay marriage"""
p234134," ""gay marriage"""
p30969," ""gay marriage"""
p35621," ""gay marriage"""
p87609," ""gay marriage"""
p88041," ""gay marriage"""
p172421," ""gay marriage"""
p146500," ""gay marriage"""
p41521," ""gay marriage"""
p87799," ""gay marriage"""
p88407," ""gay marriage"""
p88353," ""gay marriage"""
p143146," ""gay marriage"""
p146466," ""gay marriage"""
p141808," ""gay marriage"""
p124877," ""gay marriage"""
p53781," ""gay marriage"""
p234464," ""gay marriage"""
p41241," ""gay marriage"""
p42581," ""gay marriage"""
p1886," ""gay marriage"""
p146490," ""gay marriage"""
p36341," ""gay marriage"""
p124309," ""gay marriage"""
p35221," ""gay marriage"""
p203425," ""gay marriage"""
p146494," ""gay marriage"""
p85766," ""gay marriage"""
p206730," ""gay marriage"""
p85818," ""gay marriage"""
p164220," ""gay marriage"""
p234219," ""gay marriage"""
p126338," ""gay marriage"""
p143401," ""gay marriage"""
p78922," ""gay marriage"""
p78586," ""gay marriage"""
p126367," ""gay marriage"""
p125645," ""gay marriage"""
p141094," ""gay marriage"""
p82714," ""gay marriage"""
p217419," ""gay marriage"""
p164171," ""gay marriage"""
p164150," ""gay marriage"""
p217295," ""gay marriage"""
p35701," ""gay marriage"""
p93204," ""gay marriage"""
p85312," ""gay marriage"""
p40781," ""gay marriage"""
p94743," ""gay marriage"""
p65301," ""gay marriage"""
p124311," ""gay marriage"""
p65273," ""gay marriage"""
p209142," ""gay marriage"""
p94691," ""gay marriage"""
p124805," ""gay marriage"""
p148156," ""gay marriage"""
p209538," ""gay marriage"""
p2747," ""gay marriage"""
p16286," ""gay marriage"""
p2733," ""gay marriage"""
p126676," ""gay marriage"""
p87795," ""gay marriage"""
p46141," ""gay marriage"""
p163779," ""gay marriage"""
p217383," ""gay marriage"""
p40381," ""gay marriage"""
p41721," ""gay marriage"""
p59187," ""gay marriage"""
p83362," ""gay marriage"""
p85738," ""gay marriage"""
p81058," ""gay marriage"""
p87621," ""gay marriage"""
p217299," ""gay marriage"""
p142821," ""gay marriage"""
p141395," ""gay marriage"""
p41881," ""gay marriage"""
p163646," ""gay marriage"""
p146477," ""gay marriage"""
p246361," ""gay marriage"""
p217307," ""gay marriage"""
p125853," ""gay marriage"""
p34441," ""gay marriage"""
p94212," ""gay marriage"""
p126517," ""gay marriage"""
p87883," ""gay marriage"""
p217331," ""gay marriage"""
p87725," ""gay marriage"""
p94122," ""gay marriage"""
p218685," ""gay marriage"""
p87743," ""gay marriage"""
p42641," ""gay marriage"""
p88514," ""gay marriage"""
p43001," ""gay marriage"""
p207138," ""gay marriage"""
p85922," ""gay marriage"""
p95987," ""gay marriage"""
p34961," ""gay marriage"""
p88499," ""gay marriage"""
p126109," ""gay marriage"""
p35861," ""gay marriage"""
p147580," ""gay marriage"""
p88649," ""gay marriage"""
p218645," ""gay marriage"""
p86110," ""gay marriage"""
p85798," ""gay marriage"""
p88247," ""gay marriage"""
p92565," ""gay marriage"""
p40581," ""gay marriage"""
p93132," ""gay marriage"""
p93753," ""gay marriage"""
p172413," ""gay marriage"""
p163926," ""gay marriage"""
p118482," ""gay marriage"""
p84850," ""gay marriage"""
p245571," ""gay marriage"""
p118466," ""gay marriage"""
p29015," ""gay marriage"""
p2929," ""gay marriage"""
p2593," ""gay marriage"""
p218893," ""gay marriage"""
p142771," ""gay marriage"""
p148378," ""gay marriage"""
p85152," ""gay marriage"""
p59677," ""gay marriage"""
p118475," ""gay marriage"""
p59173," ""gay marriage"""
p146428," ""gay marriage"""
p209238," ""gay marriage"""
p143141," ""gay marriage"""
p143101," ""gay marriage"""
p88013," ""gay marriage"""
p88335," ""gay marriage"""
p53697," ""gay marriage"""
p234914," ""gay marriage"""
p88484," ""gay marriage"""
p234459," ""gay marriage"""
p79090," ""gay marriage"""
p88529," ""gay marriage"""
p178101," ""gay marriage"""
p196247," ""gay marriage"""
p203537," ""gay marriage"""
p219039," ""gay marriage"""
p148216," ""gay marriage"""
p126326," ""gay marriage"""
p126235," ""gay marriage"""
p93249," ""gay marriage"""
p194477," ""gay marriage"""
p196857," ""gay marriage"""
p124605," ""gay marriage"""
p207054," ""gay marriage"""
p218663," ""gay marriage"""
p207546," ""gay marriage"""
p43941," ""gay marriage"""
p83818," ""gay marriage"""
p197587," ""gay marriage"""
p40701," ""gay marriage"""
p2194," ""gay marriage"""
p39521," ""gay marriage"""
p53461," ""gay marriage"""
p28399," ""gay marriage"""
p94727," ""gay marriage"""
p163359," ""gay marriage"""
p86150," ""gay marriage"""
p196507," ""gay marriage"""
p234964," ""gay marriage"""
p86026," ""gay marriage"""
p72154," ""gay marriage"""
p194847," ""gay marriage"""
p93582," ""gay marriage"""
p36121," ""gay marriage"""
p74458," ""gay marriage"""
p205794," ""gay marriage"""
p224198," ""gay marriage"""
p234114," ""gay marriage"""
p218629," ""gay marriage"""
p143111," ""gay marriage"""
p2285," ""gay marriage"""
p125021," ""gay marriage"""
p143621," ""gay marriage"""
p209454," ""gay marriage"""
p217253," ""gay marriage"""
p218625," ""gay marriage"""
p88391," ""gay marriage"""
p88021," ""gay marriage"""
p45681," ""gay marriage"""
p94719," ""gay marriage"""
p196457," ""gay marriage"""
p35781," ""gay marriage"""
p124477," ""gay marriage"""
p43521," ""gay marriage"""
p53757," ""gay marriage"""
p246397," ""gay marriage"""
p141640," ""gay marriage"""
p87915," ""gay marriage"""
p28727," ""gay marriage"""
p45341," ""gay marriage"""
p93879," ""gay marriage"""
p126436," ""gay marriage"""
p196237," ""gay marriage"""
p83122," ""gay marriage"""
p163527," ""gay marriage"""
p142656," ""gay marriage"""
p126089," ""gay marriage"""
p1606," ""gay marriage"""
p76018," ""gay marriage"""
p78538," ""gay marriage"""
p87783," ""gay marriage"""
p88562," ""gay marriage"""
p125893," ""gay marriage"""
p31029," ""gay marriage"""
p73090," ""gay marriage"""
p94507," ""gay marriage"""
p124279," ""gay marriage"""
p88339," ""gay marriage"""
p126721," ""gay marriage"""
p65249," ""gay marriage"""
p195837," ""gay marriage"""
p85662," ""gay marriage"""
p146430," ""gay marriage"""
p234479," ""gay marriage"""
p93987," ""gay marriage"""
p234434," ""gay marriage"""
p85512," ""gay marriage"""
p126451," ""gay marriage"""
p163310," ""gay marriage"""
p147850," ""gay marriage"""
p41961," ""gay marriage"""
p141878," ""gay marriage"""
p72634," ""gay marriage"""
p88089," ""gay marriage"""
p203513," ""gay marriage"""
p79210," ""gay marriage"""
p125813," ""gay marriage"""
p163240," ""gay marriage"""
p37561," ""gay marriage"""
p234429," ""gay marriage"""
p163380," ""gay marriage"""
p87899," ""gay marriage"""
p85128," ""gay marriage"""
p40641," ""gay marriage"""
p88502," ""gay marriage"""
p88025," ""gay marriage"""
p126263," ""gay marriage"""
p195907," ""gay marriage"""
p87991," ""gay marriage"""
p28887," ""gay marriage"""
p125165," ""gay marriage"""
p85614," ""gay marriage"""
p125565," ""gay marriage"""
p46841," ""gay marriage"""
p205626," ""gay marriage"""
p143476," ""gay marriage"""
p234304," ""gay marriage"""
p126688," ""gay marriage"""
p93402," ""gay marriage"""
p217269," ""gay marriage"""
p46861," ""gay marriage"""
p87487," ""gay marriage"""
p88709," ""gay marriage"""
p142270," ""gay marriage"""
p93780," ""gay marriage"""
p87953," ""gay marriage"""
p2348," ""gay marriage"""
p146521," ""gay marriage"""
p163849," ""gay marriage"""
p81610," ""gay marriage"""
p126592," ""gay marriage"""
p124296," ""gay marriage"""
p118487," ""gay marriage"""
p194737," ""gay marriage"""
p53785," ""gay marriage"""
p94551," ""gay marriage"""
p143421," ""gay marriage"""
p126211," ""gay marriage"""
p88405," ""gay marriage"""
p178125," ""gay marriage"""
p206538," ""gay marriage"""
p85304," ""gay marriage"""
p85796," ""gay marriage"""
p80770," ""gay marriage"""
p146483," ""gay marriage"""
p92646," ""gay marriage"""
p93474," ""gay marriage"""
p164129," ""gay marriage"""
p1655," ""gay marriage"""
p85702," ""gay marriage"""
p85964," ""gay marriage"""
p194627," ""gay marriage"""
p59105," ""gay marriage"""
p87645," ""gay marriage"""
p95627," ""gay marriage"""
p87505," ""gay marriage"""
p148300," ""gay marriage"""
p141276," ""gay marriage"""
p234789," ""gay marriage"""
p143436," ""gay marriage"""
p126730," ""gay marriage"""
p126185," ""gay marriage"""
p178077," ""gay marriage"""
p93573," ""gay marriage"""
p207798," ""gay marriage"""
p234269," ""gay marriage"""
p76282," ""gay marriage"""
p85630," ""gay marriage"""
p141983," ""gay marriage"""
p31538," ""gay marriage"""
p42281," ""gay marriage"""
p86194," ""gay marriage"""
p146458," ""gay marriage"""
p37341," ""gay marriage"""
p92673," ""gay marriage"""
p141654," ""gay marriage"""
p196427," ""gay marriage"""
p92889," ""gay marriage"""
p206514," ""gay marriage"""
p81154," ""gay marriage"""
p34461," ""gay marriage"""
p122231," ""gay marriage"""
p44841," ""gay marriage"""
p122287," ""gay marriage"""
p75370," ""gay marriage"""
p207690," ""gay marriage"""
p1620," ""gay marriage"""
p72538," ""gay marriage"""
p126634," ""gay marriage"""
p86162," ""gay marriage"""
p85832," ""gay marriage"""
p147598," ""gay marriage"""
p93483," ""gay marriage"""
p217431," ""gay marriage"""
p246445," ""gay marriage"""
p1711," ""gay marriage"""
p125309," ""gay marriage"""
p79306," ""gay marriage"""
p141955," ""gay marriage"""
p143251," ""gay marriage"""
p209562," ""gay marriage"""
p87525," ""gay marriage"""
p219051," ""gay marriage"""
p163653," ""gay marriage"""
p59663," ""gay marriage"""
p59629," ""gay marriage"""
p88135," ""gay marriage"""
p163324," ""gay marriage"""
p163541," ""gay marriage"""
p217411," ""gay marriage"""
p208662," ""gay marriage"""
p87775," ""gay marriage"""
p85760," ""gay marriage"""
p92619," ""gay marriage"""
p16272," ""gay marriage"""
p88121," ""gay marriage"""
p94257," ""gay marriage"""
p2110," ""gay marriage"""
p163184," ""gay marriage"""
p87929," ""gay marriage"""
p172449," ""gay marriage"""
p95789," ""gay marriage"""
p85838," ""gay marriage"""
p93330," ""gay marriage"""
p246427," ""gay marriage"""
p45101," ""gay marriage"""
p72226," ""gay marriage"""
p87961," ""gay marriage"""
p94443," ""gay marriage"""
p88685," ""gay marriage"""
p86326," ""gay marriage"""
p148324," ""gay marriage"""
p142681," ""gay marriage"""
p88601," ""gay marriage"""
p234859," ""gay marriage"""
p96050," ""gay marriage"""
p206130," ""gay marriage"""
p88051," ""gay marriage"""
p194497," ""gay marriage"""
p40661," ""gay marriage"""
p125421," ""gay marriage"""
p77386," ""gay marriage"""
p207654," ""gay marriage"""
p2859," ""gay marriage"""
p88019," ""gay marriage"""
p42041," ""gay marriage"""
p147616," ""gay marriage"""
p93213," ""gay marriage"""
p95573," ""gay marriage"""
p80698," ""gay marriage"""
p163345," ""gay marriage"""
p197387," ""gay marriage"""
p163870," ""gay marriage"""
p208422," ""gay marriage"""
p203737," ""gay marriage"""
p73714," ""gay marriage"""
p65325," ""gay marriage"""
p178365," ""gay marriage"""
p143366," ""gay marriage"""
p143091," ""gay marriage"""
p80362," ""gay marriage"""
p172429," ""gay marriage"""
p87969," ""gay marriage"""
p234659," ""gay marriage"""
p146525," ""gay marriage"""
p40821," ""gay marriage"""
p246379," ""gay marriage"""
p43101," ""gay marriage"""
p30961," ""gay marriage"""
p94203," ""gay marriage"""
p40261," ""gay marriage"""
p204373," ""gay marriage"""
p85744," ""gay marriage"""
p81010," ""gay marriage"""
p178062," ""gay marriage"""
p76258," ""gay marriage"""
p85870," ""gay marriage"""
p126487," ""gay marriage"""
p204033," ""gay marriage"""
p37461," ""gay marriage"""
p126111," ""gay marriage"""
p92817," ""gay marriage"""
p87695," ""gay marriage"""
p87831," ""gay marriage"""
p31009," ""gay marriage"""
p203449," ""gay marriage"""
p164031," ""gay marriage"""
p38861," ""gay marriage"""
p217407," ""gay marriage"""
p208974," ""gay marriage"""
p93888," ""gay marriage"""
p87879," ""gay marriage"""
p217455," ""gay marriage"""
p203561," ""gay marriage"""
p141598," ""gay marriage"""
p163702," ""gay marriage"""
p88317," ""gay marriage"""
p59133," ""gay marriage"""
p53557," ""gay marriage"""
p195597," ""gay marriage"""
p87689," ""gay marriage"""
p234579," ""gay marriage"""
p122280," ""gay marriage"""
p88547," ""gay marriage"""
p36181," ""gay marriage"""
p85536," ""gay marriage"""
p87827," ""gay marriage"""
p147224," ""death penalty"""
p147268," ""death penalty"""
p147343," ""death penalty"""
p169063," ""death penalty"""
p168106," ""death penalty"""
p221393," ""death penalty"""
p167655," ""death penalty"""
p1433," ""death penalty"""
p29403," ""death penalty"""
p147300," ""death penalty"""
p54087," ""death penalty"""
p167809," ""death penalty"""
p147354," ""death penalty"""
p29417," ""death penalty"""
p29365," ""death penalty"""
p146979," ""death penalty"""
p1409," ""death penalty"""
p168887," ""death penalty"""
p147286," ""death penalty"""
p168216," ""death penalty"""
p146724," ""death penalty"""
p147325," ""death penalty"""
p146699," ""death penalty"""
p67428," ""death penalty"""
p67409," ""death penalty"""
p221368," ""death penalty"""
p65094," ""death penalty"""
p167336," ""death penalty"""
p1427," ""death penalty"""
p221373," ""death penalty"""
p54009," ""death penalty"""
p166269," ""death penalty"""
p29377," ""death penalty"""
p147290," ""death penalty"""
p65142," ""death penalty"""
p1586," ""death penalty"""
p221018," ""death penalty"""
p146644," ""death penalty"""
p221183," ""death penalty"""
p1580," ""death penalty"""
p1487," ""death penalty"""
p147303," ""death penalty"""
p147319," ""death penalty"""
p147288," ""death penalty"""
p147293," ""death penalty"""
p147337," ""death penalty"""
p166280," ""death penalty"""
p53919," ""death penalty"""
p167138," ""death penalty"""
p221363," ""death penalty"""
p29429," ""death penalty"""
p146994," ""death penalty"""
p167963," ""death penalty"""
p33397," ""death penalty"""
p1445," ""death penalty"""
p146889," ""death penalty"""
p118804," ""death penalty"""
p221278," ""death penalty"""
p1415," ""death penalty"""
p167116," ""death penalty"""
p1370," ""death penalty"""
p246583," ""death penalty"""
p169217," ""death penalty"""
p1463," ""death penalty"""
p221213," ""death penalty"""
p147249," ""death penalty"""
p1448," ""death penalty"""
p147259," ""death penalty"""
p147273," ""death penalty"""
p65115," ""death penalty"""
p147258," ""death penalty"""
p65124," ""death penalty"""
p168370," ""death penalty"""
p33307," ""death penalty"""
p169470," ""death penalty"""
p169558," ""death penalty"""
p166632," ""death penalty"""
p147321," ""death penalty"""
p147347," ""death penalty"""
p147250," ""death penalty"""
p147109," ""death penalty"""
p29355," ""death penalty"""
p147139," ""death penalty"""
p33256," ""death penalty"""
p167149," ""death penalty"""
p33313," ""death penalty"""
p147044," ""death penalty"""
p147342," ""death penalty"""
p221378," ""death penalty"""
p168227," ""death penalty"""
p166819," ""death penalty"""
p29349," ""death penalty"""
p167050," ""death penalty"""
p146859," ""death penalty"""
p220973," ""death penalty"""
p246559," ""death penalty"""
p33337," ""death penalty"""
p64956," ""death penalty"""
p147351," ""death penalty"""
p1355," ""death penalty"""
p147059," ""death penalty"""
p147029," ""death penalty"""
p146804," ""death penalty"""
p146669," ""death penalty"""
p67903," ""death penalty"""
p1232," ""death penalty"""
p147283," ""death penalty"""
p168084," ""death penalty"""
p64989," ""death penalty"""
p147274," ""death penalty"""
p146769," ""death penalty"""
p5274," ""death penalty"""
p147285," ""death penalty"""
p53943," ""death penalty"""
p221258," ""death penalty"""
p168469," ""death penalty"""
p221263," ""death penalty"""
p1250," ""death penalty"""
p65118," ""death penalty"""
p147296," ""death penalty"""
p221353," ""death penalty"""
p168172," ""death penalty"""
p168414," ""death penalty"""
p166885," ""death penalty"""
p221318," ""death penalty"""
p147279," ""death penalty"""
p168007," ""death penalty"""
p65106," ""death penalty"""
p166566," ""death penalty"""
p67637," ""death penalty"""
p221288," ""death penalty"""
p146999," ""death penalty"""
p64917," ""death penalty"""
p221043," ""death penalty"""
p147340," ""death penalty"""
p65148," ""death penalty"""
p147339," ""death penalty"""
p54006," ""death penalty"""
p1424," ""death penalty"""
p1361," ""death penalty"""
p147269," ""death penalty"""
p1193," ""death penalty"""
p221438," ""death penalty"""
p146734," ""death penalty"""
p221223," ""death penalty"""
p1247," ""death penalty"""
p29423," ""death penalty"""
p64959," ""death penalty"""
p65100," ""death penalty"""
p147495," ""death penalty"""
p147024," ""death penalty"""
p166489," ""death penalty"""
p168865," ""death penalty"""
p166412," ""death penalty"""
p67656," ""death penalty"""
p147271," ""death penalty"""
p53982," ""death penalty"""
p146759," ""death penalty"""
p1286," ""death penalty"""
p221388," ""death penalty"""
p67390," ""death penalty"""
p147275," ""death penalty"""
p1262," ""death penalty"""
p29357," ""death penalty"""
p221133," ""death penalty"""
p29413," ""death penalty"""
p147261," ""death penalty"""
p29409," ""death penalty"""
p147004," ""death penalty"""
p167919," ""death penalty"""
p167413," ""death penalty"""
p147349," ""death penalty"""
p1451," ""death penalty"""
p67694," ""death penalty"""
p146899," ""death penalty"""
p147219," ""death penalty"""
p167952," ""death penalty"""
p166742," ""death penalty"""
p65046," ""death penalty"""
p147019," ""death penalty"""
p146694," ""death penalty"""
p168711," ""death penalty"""
p146984," ""death penalty"""
p146749," ""death penalty"""
p147199," ""death penalty"""
p147341," ""death penalty"""
p67257," ""death penalty"""
p1496," ""death penalty"""
p167259," ""death penalty"""
p147264," ""death penalty"""
p33295," ""death penalty"""
p33241," ""death penalty"""
p221398," ""death penalty"""
p168975," ""death penalty"""
p1532," ""death penalty"""
p166357," ""death penalty"""
p168183," ""death penalty"""
p64992," ""death penalty"""
p166962," ""death penalty"""
p166291," ""death penalty"""
p168139," ""death penalty"""
p147257," ""death penalty"""
p147277," ""death penalty"""
p1562," ""death penalty"""
p1241," ""death penalty"""
p168238," ""death penalty"""
p29439," ""death penalty"""
p146619," ""death penalty"""
p54114," ""death penalty"""
p146989," ""death penalty"""
p147311," ""death penalty"""
p147009," ""death penalty"""
p29353," ""death penalty"""
p5250," ""death penalty"""
p146654," ""death penalty"""
p221173," ""death penalty"""
p147317," ""death penalty"""
p1289," ""death penalty"""
p54135," ""death penalty"""
p65136," ""death penalty"""
p29375," ""death penalty"""
p168667," ""death penalty"""
p147291," ""death penalty"""
p1553," ""death penalty"""
p33379," ""death penalty"""
p167490," ""death penalty"""
p147328," ""death penalty"""
p147209," ""death penalty"""
p147149," ""death penalty"""
p54045," ""death penalty"""
p1316," ""death penalty"""
p146919," ""death penalty"""
p169129," ""death penalty"""
p221188," ""death penalty"""
p246679," ""death penalty"""
p147266," ""death penalty"""
p29361," ""death penalty"""
p169195," ""death penalty"""
p147314," ""death penalty"""
p1322," ""death penalty"""
p1559," ""death penalty"""
p221078," ""death penalty"""
p1523," ""death penalty"""
p146774," ""death penalty"""
p64938," ""death penalty"""
p167270," ""death penalty"""
p118803," ""death penalty"""
p146939," ""death penalty"""
p1199," ""death penalty"""
p166896," ""death penalty"""
p1313," ""death penalty"""
p64998," ""death penalty"""
p147295," ""death penalty"""
p1547," ""death penalty"""
p67941," ""death penalty"""
p1295," ""death penalty"""
p246487," ""death penalty"""
p167171," ""death penalty"""
p167820," ""death penalty"""
p168568," ""death penalty"""
p147327," ""death penalty"""
p168293," ""death penalty"""
p146784," ""death penalty"""
p147297," ""death penalty"""
p1529," ""death penalty"""
p67675," ""death penalty"""
p53892," ""death penalty"""
p167688," ""death penalty"""
p33391," ""death penalty"""
p168931," ""death penalty"""
p54060," ""death penalty"""
p65058," ""death penalty"""
p1421," ""death penalty"""
p33277," ""death penalty"""
p1280," ""death penalty"""
p168051," ""death penalty"""
p147099," ""death penalty"""
p1406," ""death penalty"""
p147316," ""death penalty"""
p147262," ""death penalty"""
p1319," ""death penalty"""
p147301," ""death penalty"""
p166346," ""death penalty"""
p147049," ""death penalty"""
p54129," ""death penalty"""
p221403," ""death penalty"""
p168689," ""death penalty"""
p147154," ""death penalty"""
p168480," ""death penalty"""
p166720," ""death penalty"""
p221233," ""death penalty"""
p53961," ""death penalty"""
p1334," ""death penalty"""
p169305," ""death penalty"""
p147265," ""death penalty"""
p166940," ""death penalty"""
p33382," ""death penalty"""
p1484," ""death penalty"""
p246643," ""death penalty"""
p65127," ""death penalty"""
p29435," ""death penalty"""
p1277," ""death penalty"""
p167886," ""death penalty"""
p221253," ""death penalty"""
p118801," ""death penalty"""
p147244," ""death penalty"""
p147338," ""death penalty"""
p147064," ""death penalty"""
p146814," ""death penalty"""
p146834," ""death penalty"""
p221238," ""death penalty"""
p166478," ""death penalty"""
p147251," ""death penalty"""
p67751," ""death penalty"""
p1331," ""death penalty"""
p65037," ""death penalty"""
p168062," ""death penalty"""
p147144," ""death penalty"""
p1325," ""death penalty"""
p167006," ""death penalty"""
p147281," ""death penalty"""
p1517," ""death penalty"""
p53937," ""death penalty"""
p167281," ""death penalty"""
p166676," ""death penalty"""
p166731," ""death penalty"""
p221193," ""death penalty"""
p65043," ""death penalty"""
p147252," ""death penalty"""
p167556," ""death penalty"""
p168150," ""death penalty"""
p220998," ""death penalty"""
p169404," ""death penalty"""
p1310," ""death penalty"""
p67808," ""death penalty"""
p169536," ""death penalty"""
p169184," ""death penalty"""
p33235," ""death penalty"""
p67599," ""death penalty"""
p1442," ""death penalty"""
p146649," ""death penalty"""
p1283," ""death penalty"""
p29369," ""death penalty"""
p221423," ""death penalty"""
p33244," ""death penalty"""
p221308," ""death penalty"""
p5258," ""death penalty"""
p167589," ""death penalty"""
p146974," ""death penalty"""
p168832," ""death penalty"""
p168799," ""death penalty"""
p1457," ""death penalty"""
p33298," ""death penalty"""
p168678," ""death penalty"""
p146854," ""death penalty"""
p147169," ""death penalty"""
p220983," ""death penalty"""
p65061," ""death penalty"""
p147309," ""death penalty"""
p147348," ""death penalty"""
p67770," ""death penalty"""
p147330," ""death penalty"""
p33286," ""death penalty"""
p1514," ""death penalty"""
p167292," ""death penalty"""
p146819," ""death penalty"""
p168722," ""death penalty"""
p168612," ""death penalty"""
p1556," ""death penalty"""
p53928," ""death penalty"""
p1349," ""death penalty"""
p147304," ""death penalty"""
p169030," ""death penalty"""
p221273," ""death penalty"""
p1226," ""death penalty"""
p147322," ""death penalty"""
p29443," ""death penalty"""
p147357," ""death penalty"""
p33280," ""death penalty"""
p1472," ""death penalty"""
p221298," ""death penalty"""
p166643," ""death penalty"""
p1235," ""death penalty"""
p1202," ""death penalty"""
p167094," ""death penalty"""
p1544," ""death penalty"""
p146934," ""death penalty"""
p169118," ""death penalty"""
p146639," ""death penalty"""
p147331," ""death penalty"""
p167534," ""death penalty"""
p29381," ""death penalty"""
p146664," ""death penalty"""
p33253," ""death penalty"""
p1469," ""death penalty"""
p1373," ""death penalty"""
p146624," ""death penalty"""
p168348," ""death penalty"""
p1214," ""death penalty"""
p147054," ""death penalty"""
p1502," ""death penalty"""
p5266," ""death penalty"""
p168535," ""death penalty"""
p147284," ""death penalty"""
p168744," ""death penalty"""
p29347," ""death penalty"""
p65121," ""death penalty"""
p168854," ""death penalty"""
p168656," ""death penalty"""
p1340," ""death penalty"""
p147254," ""death penalty"""
p54057," ""death penalty"""
p214553," ""evolution"""
p122466," ""evolution"""
p219057," ""evolution"""
p215669," ""evolution"""
p95282," ""evolution"""
p219133," ""evolution"""
p61378," ""evolution"""
p224848," ""evolution"""
p33112," ""evolution"""
p228154," ""evolution"""
p252852," ""evolution"""
p20724," ""evolution"""
p118545," ""evolution"""
p233463," ""evolution"""
p12827," ""evolution"""
p230586," ""evolution"""
p225893," ""evolution"""
p32764," ""evolution"""
p202908," ""evolution"""
p10523," ""evolution"""
p233469," ""evolution"""
p203034," ""evolution"""
p203241," ""evolution"""
p121009," ""evolution"""
p202404," ""evolution"""
p95120," ""evolution"""
p194297," ""evolution"""
p214075," ""evolution"""
p215381," ""evolution"""
p120685," ""evolution"""
p121243," ""evolution"""
p218327," ""evolution"""
p215731," ""evolution"""
p95230," ""evolution"""
p34083," ""evolution"""
p12323," ""evolution"""
p1182," ""evolution"""
p12953," ""evolution"""
p34178," ""evolution"""
p21014," ""evolution"""
p94970," ""evolution"""
p51393," ""evolution"""
p231441," ""evolution"""
p201621," ""evolution"""
p34188," ""evolution"""
p120658," ""evolution"""
p121567," ""evolution"""
p251380," ""evolution"""
p181004," ""evolution"""
p202386," ""evolution"""
p68805," ""evolution"""
p20632," ""evolution"""
p252980," ""evolution"""
p119587," ""evolution"""
p126920," ""evolution"""
p68850," ""evolution"""
p120082," ""evolution"""
p202926," ""evolution"""
p173813," ""evolution"""
p201864," ""evolution"""
p231973," ""evolution"""
p193881," ""evolution"""
p819," ""evolution"""
p215901," ""evolution"""
p94787," ""evolution"""
p120928," ""evolution"""
p50637," ""evolution"""
p194049," ""evolution"""
p111862," ""evolution"""
p121207," ""evolution"""
p215333," ""evolution"""
p219085," ""evolution"""
p218255," ""evolution"""
p121000," ""evolution"""
p21084," ""evolution"""
p219131," ""evolution"""
p146404," ""evolution"""
p120316," ""evolution"""
p219146," ""evolution"""
p60849," ""evolution"""
p119659," ""evolution"""
p120073," ""evolution"""
p12701," ""evolution"""
p202620," ""evolution"""
p11495," ""evolution"""
p58459," ""evolution"""
p51321," ""evolution"""
p94994," ""evolution"""
p146320," ""evolution"""
p120613," ""evolution"""
p234062," ""evolution"""
p194089," ""evolution"""
p120424," ""evolution"""
p94754," ""evolution"""
p1083," ""evolution"""
p202701," ""evolution"""
p203205," ""evolution"""
p233503," ""evolution"""
p215919," ""evolution"""
p119443," ""evolution"""
p126888," ""evolution"""
p20608," ""evolution"""
p225684," ""evolution"""
p119947," ""evolution"""
p219179," ""evolution"""
p126904," ""evolution"""
p219095," ""evolution"""
p54963," ""evolution"""
p10685," ""evolution"""
p215695," ""evolution"""
p95406," ""evolution"""
p67972," ""evolution"""
p218063," ""evolution"""
p49683," ""evolution"""
p5679," ""evolution"""
p51375," ""evolution"""
p55055," ""evolution"""
p121675," ""evolution"""
p202881," ""evolution"""
p201243," ""evolution"""
p20224," ""evolution"""
p32896," ""evolution"""
p214261," ""evolution"""
p252532," ""evolution"""
p121657," ""evolution"""
p218107," ""evolution"""
p94838," ""evolution"""
p58275," ""evolution"""
p20970," ""evolution"""
p203016," ""evolution"""
p13097," ""evolution"""
p5709," ""evolution"""
p68590," ""evolution"""
p68700," ""evolution"""
p145714," ""evolution"""
p121513," ""evolution"""
p145718," ""evolution"""
p120226," ""evolution"""
p201990," ""evolution"""
p215823," ""evolution"""
p120019," ""evolution"""
p33040," ""evolution"""
p52005," ""evolution"""
p198339," ""evolution"""
p201657," ""evolution"""
p219186," ""evolution"""
p230282," ""evolution"""
p13079," ""evolution"""
p20938," ""evolution"""
p210490," ""evolution"""
p222693," ""evolution"""
p219188," ""evolution"""
p231118," ""evolution"""
p146298," ""evolution"""
p218475," ""evolution"""
p219058," ""evolution"""
p20808," ""evolution"""
p120811," ""evolution"""
p234064," ""evolution"""
p94946," ""evolution"""
p127072," ""evolution"""
p122053," ""evolution"""
p32248," ""evolution"""
p234045," ""evolution"""
p228971," ""evolution"""
p231042," ""evolution"""
p121369," ""evolution"""
p11873," ""evolution"""
p121522," ""evolution"""
p94925," ""evolution"""
p219103," ""evolution"""
p214079," ""evolution"""
p193985," ""evolution"""
p219177," ""evolution"""
p121342," ""evolution"""
p126876," ""evolution"""
p197871," ""evolution"""
p251508," ""evolution"""
p1174," ""evolution"""
p51465," ""evolution"""
p198591," ""evolution"""
p68545," ""evolution"""
p215683," ""evolution"""
p68645," ""evolution"""
p122125," ""evolution"""
p32740," ""evolution"""
p20892," ""evolution"""
p193833," ""evolution"""
p55607," ""evolution"""
p32206," ""evolution"""
p11729," ""evolution"""
p232942," ""evolution"""
p233360," ""evolution"""
p198555," ""evolution"""
p10739," ""evolution"""
p95105," ""evolution"""
p5661," ""evolution"""
p851," ""evolution"""
p95162," ""evolution"""
p215743," ""evolution"""
p219130," ""evolution"""
p71447," ""evolution"""
p119308," ""evolution"""
p20932," ""evolution"""
p31954," ""evolution"""
p229807," ""evolution"""
p215767," ""evolution"""
p145650," ""evolution"""
p32212," ""evolution"""
p20844," ""evolution"""
p55515," ""evolution"""
p68840," ""evolution"""
p995," ""evolution"""
p214449," ""evolution"""
p61102," ""evolution"""
p95398," ""evolution"""
p121684," ""evolution"""
p20210," ""evolution"""
p55975," ""evolution"""
p214121," ""evolution"""
p202197," ""evolution"""
p34187," ""evolution"""
p201981," ""evolution"""
p219083," ""evolution"""
p20630," ""evolution"""
p210511," ""evolution"""
p34077," ""evolution"""
p227109," ""evolution"""
p875," ""evolution"""
p121576," ""evolution"""
p229161," ""evolution"""
p218087," ""evolution"""
p215677," ""evolution"""
p32080," ""evolution"""
p119632," ""evolution"""
p20640," ""evolution"""
p210630," ""evolution"""
p20586," ""evolution"""
p20330," ""evolution"""
p215819," ""evolution"""
p119182," ""evolution"""
p214227," ""evolution"""
p201297," ""evolution"""
p95114," ""evolution"""
p20698," ""evolution"""
p219065," ""evolution"""
p20576," ""evolution"""
p60895," ""evolution"""
p56803," ""evolution"""
p119740," ""evolution"""
p94871," ""evolution"""
p231365," ""evolution"""
p111794," ""evolution"""
p214209," ""evolution"""
p120847," ""evolution"""
p219059," ""evolution"""
p218591," ""evolution"""
p215707," ""evolution"""
p119974," ""evolution"""
p20578," ""evolution"""
p215713," ""evolution"""
p219171," ""evolution"""
p214201," ""evolution"""
p224943," ""evolution"""
p219129," ""evolution"""
p34165," ""evolution"""
p233509," ""evolution"""
p5649," ""evolution"""
p215941," ""evolution"""
p214881," ""evolution"""
p67976," ""evolution"""
p119614," ""evolution"""
p231175," ""evolution"""
p34136," ""evolution"""
p119497," ""evolution"""
p119956," ""evolution"""
p218575," ""evolution"""
p215153," ""evolution"""
p222718," ""evolution"""
p120451," ""evolution"""
p987," ""evolution"""
p34131," ""evolution"""
p194153," ""evolution"""
p12557," ""evolution"""
p120703," ""evolution"""
p94850," ""evolution"""
p193785," ""evolution"""
p10667," ""evolution"""
p763," ""evolution"""
p11981," ""evolution"""
p202692," ""evolution"""
p202071," ""evolution"""
p20370," ""evolution"""
p193519," ""evolution"""
p119200," ""evolution"""
p219205," ""evolution"""
p1178," ""evolution"""
p34042," ""evolution"""
p1123," ""evolution"""
p227394," ""evolution"""
p34132," ""evolution"""
p71498," ""evolution"""
p120802," ""evolution"""
p229047," ""evolution"""
p225665," ""evolution"""
p120532," ""evolution"""
p215793," ""evolution"""
p232714," ""evolution"""
p95036," ""evolution"""
p173797," ""evolution"""
p218563," ""evolution"""
p94922," ""evolution"""
p214161," ""evolution"""
p34096," ""evolution"""
p95180," ""evolution"""
p34063," ""evolution"""
p12161," ""evolution"""
p32188," ""evolution"""
p94826," ""evolution"""
p227242," ""evolution"""
p118822," ""evolution"""
p202989," ""evolution"""
p94961," ""evolution"""
p231061," ""evolution"""
p145686," ""evolution"""
p193114," ""evolution"""
p231004," ""evolution"""
p68630," ""evolution"""
p20746," ""evolution"""
p111842," ""evolution"""
p232030," ""evolution"""
p219167," ""evolution"""
p121558," ""evolution"""
p56159," ""evolution"""
p20712," ""evolution"""
p86580," ""evolution"""
p201729," ""evolution"""
p119695," ""evolution"""
p230263," ""evolution"""
p164350," ""evolution"""
p202026," ""evolution"""
p202548," ""evolution"""
p95250," ""evolution"""
p214297," ""evolution"""
p215857," ""evolution"""
p94979," ""evolution"""
p215937," ""evolution"""
p202413," ""evolution"""
p219118," ""evolution"""
p210336," ""evolution"""
p52257," ""evolution"""
p33190," ""evolution"""
p32062," ""evolution"""
p119245," ""evolution"""
p11963," ""evolution"""
p222690," ""evolution"""
p121459," ""evolution"""
p120181," ""evolution"""
p54319," ""evolution"""
p253396," ""evolution"""
p12773," ""evolution"""
p201405," ""evolution"""
p55147," ""evolution"""
p121738," ""evolution"""
p11603," ""evolution"""
p121540," ""evolution"""
p219072," ""evolution"""
p227831," ""evolution"""
p120838," ""evolution"""
p34128," ""evolution"""
p50889," ""evolution"""
p20810," ""evolution"""
p94793," ""evolution"""
p121135," ""evolution"""
p931," ""evolution"""
p121819," ""evolution"""
p95009," ""evolution"""
p56711," ""evolution"""
p20678," ""evolution"""
p214173," ""evolution"""
p218023," ""evolution"""
p194161," ""evolution"""
p228401," ""evolution"""
p231384," ""evolution"""
p71465," ""evolution"""
p34107," ""evolution"""
p87203," ""evolution"""
p145622," ""evolution"""
p10181," ""evolution"""
p119002," ""evolution"""
p32734," ""evolution"""
p228344," ""evolution"""
p94796," ""evolution"""
p197895," ""evolution"""
p20498," ""evolution"""
p120676," ""evolution"""
p119677," ""evolution"""
p219151," ""evolution"""
p219184," ""evolution"""
p251540," ""evolution"""
p34155," ""evolution"""
p201306," ""evolution"""
p121477," ""evolution"""
p201765," ""evolution"""
p215637," ""evolution"""
p10541," ""evolution"""
p164290," ""evolution"""
p146384," ""evolution"""
p145678," ""evolution"""
p121504," ""evolution"""
p118513," ""evolution"""
p201945," ""evolution"""
p201702," ""evolution"""
p94856," ""evolution"""
p121666," ""evolution"""
p67998," ""evolution"""
p183469," ""evolution"""
p214221," ""evolution"""
p12917," ""evolution"""
p57079," ""evolution"""
p95246," ""evolution"""
p20542," ""evolution"""
p32890," ""evolution"""
p34071," ""evolution"""
p34149," ""evolution"""
p10559," ""evolution"""
p52041," ""evolution"""
p54871," ""evolution"""
p219153," ""evolution"""
p233527," ""evolution"""
p214185," ""evolution"""
p201927," ""evolution"""
p10865," ""evolution"""
p49935," ""evolution"""
p228933," ""evolution"""
p33166," ""evolution"""
p1051," ""evolution"""
p20946," ""evolution"""
p121279," ""evolution"""
p20788," ""evolution"""
p164347," ""evolution"""
p119767," ""evolution"""
p119353," ""evolution"""
p34092," ""evolution"""
p94772," ""evolution"""
p215697," ""evolution"""
p201387," ""evolution"""
p202296," ""evolution"""
p12935," ""evolution"""
p1075," ""evolution"""
p215709," ""evolution"""
p20820," ""evolution"""
p20990," ""evolution"""
p121495," ""evolution"""
p225228," ""evolution"""
p227812," ""evolution"""
p20718," ""evolution"""
p201423," ""evolution"""
p232999," ""evolution"""
p34182," ""evolution"""
p215609," ""evolution"""
p32098," ""evolution"""
p121990," ""evolution"""
p219191," ""evolution"""
p219192," ""evolution"""
p194065," ""evolution"""
p219140," ""evolution"""
p219082," ""evolution"""
p20518," ""evolution"""
p214481," ""evolution"""
p145638," ""evolution"""
p215753," ""evolution"""
p219120," ""evolution"""
p5889," ""evolution"""
p215939," ""evolution"""
p21058," ""evolution"""
p201630," ""evolution"""
p183508," ""evolution"""
p907," ""evolution"""
p226368," ""evolution"""
p71441," ""evolution"""
p120055," ""evolution"""
p232600," ""evolution"""
p11027," ""evolution"""
p94817," ""evolution"""
p201756," ""evolution"""
p214177," ""evolution"""
p219076," ""evolution"""
p214849," ""evolution"""
p51735," ""evolution"""
p5865," ""evolution"""
p227869," ""evolution"""
p215773," ""evolution"""
p174341," ""evolution"""
p95534," ""evolution"""
p94982," ""evolution"""
p233322," ""evolution"""
p68024," ""evolution"""
p214249," ""evolution"""
p1099," ""evolution"""
p10307," ""evolution"""
p1168," ""evolution"""
p1172," ""evolution"""
p145674," ""evolution"""
p234077," ""evolution"""
p34116," ""evolution"""
p202890," ""evolution"""
p120208," ""evolution"""
p120640," ""evolution"""
p56067," ""evolution"""
p215851," ""evolution"""
p94892," ""evolution"""
p119920," ""evolution"""
p119416," ""evolution"""
p180819," ""evolution"""
p33064," ""evolution"""
p219084," ""evolution"""
p923," ""evolution"""
p51537," ""evolution"""
p122134," ""evolution"""
p214729," ""evolution"""
p33082," ""evolution"""
p55423," ""evolution"""
p214217," ""evolution"""
p118930," ""evolution"""
p215417," ""evolution"""
p215781," ""evolution"""
p231764," ""evolution"""
p219107," ""evolution"""
p215945," ""evolution"""
p20690," ""evolution"""
p68540," ""evolution"""
p32326," ""evolution"""
p194169," ""evolution"""
p215859," ""evolution"""
p215703," ""evolution"""
p119407," ""evolution"""
p193801," ""evolution"""
p201819," ""evolution"""
p20686," ""evolution"""
p210602," ""evolution"""
p32986," ""evolution"""
p252308," ""evolution"""
p214253," ""evolution"""
p120352," ""evolution"""
p215775," ""evolution"""
p194225," ""evolution"""
p227850," ""evolution"""
p229959," ""evolution"""
p215755," ""evolution"""
p201234," ""evolution"""
p203196," ""evolution"""
p68775," ""evolution"""
p51663," ""evolution"""
p120262," ""evolution"""
p164314," ""evolution"""
p32128," ""evolution"""
p11423," ""evolution"""
p202530," ""evolution"""
p121549," ""evolution"""
p20574," ""evolution"""
p233521," ""evolution"""
p20320," ""evolution"""
p121261," ""evolution"""
p145730," ""evolution"""
p230852," ""evolution"""
p20992," ""evolution"""
p32218," ""evolution"""
p122206," ""evolution"""
p118921," ""evolution"""
p201216," ""evolution"""
p11765," ""evolution"""
p21080," ""evolution"""
p229750," ""evolution"""
p68635," ""evolution"""
p120523," ""evolution"""
p210525," ""evolution"""
p215659," ""evolution"""
p233459," ""evolution"""
p34045," ""evolution"""
p71474," ""evolution"""
p20708," ""evolution"""
p210434," ""evolution"""
p224905," ""evolution"""
p214247," ""evolution"""
p32260," ""evolution"""
p34113," ""evolution"""
p34185," ""evolution"""
p119758," ""evolution"""
p218319," ""evolution"""
p215723," ""evolution"""
p94898," ""evolution"""
p202755," ""evolution"""
p49395," ""evolution"""
p214145," ""evolution"""
p193937," ""evolution"""
p214809," ""evolution"""
p201558," ""evolution"""
p215799," ""evolution"""
p121234," ""evolution"""
p68550," ""evolution"""
p215915," ""evolution"""
p71504," ""evolution"""
p202161," ""evolution"""
p202179," ""evolution"""
p20652," ""evolution"""
p201477," ""evolution"""
p55699," ""evolution"""
p20988," ""evolution"""
p32176," ""evolution"""
p61125," ""evolution"""
p120820," ""evolution"""
p210532," ""evolution"""
p193929," ""evolution"""
p214181," ""evolution"""
p222689," ""evolution"""
p215801," ""evolution"""
p119011," ""evolution"""
p119668," ""evolution"""
p173669," ""evolution"""
p214629," ""evolution"""
p219094," ""evolution"""
p20862," ""evolution"""
p119470," ""evolution"""
p10343," ""evolution"""
p119722," ""evolution"""
p210322," ""evolution"""
p202836," ""evolution"""
p20384," ""evolution"""
p222749," ""evolution"""
p229427," ""evolution"""
p61056," ""evolution"""
p111866," ""evolution"""
p219052," ""evolution"""
p219111," ""evolution"""
p12593," ""evolution"""
p86445," ""evolution"""
p201873," ""evolution"""
p215237," ""evolution"""
p34173," ""evolution"""
p219101," ""evolution"""
p231802," ""evolution"""
p234016," ""gun control"""
p19969," ""gun control"""
p144426," ""gun control"""
p145076," ""gun control"""
p53113," ""gun control"""
p171841," ""gun control"""
p22274," ""gun control"""
p143806," ""gun control"""
p68962," ""gun control"""
p216317," ""gun control"""
p68932," ""gun control"""
p53440," ""gun control"""
p33442," ""gun control"""
p250648," ""gun control"""
p2991," ""gun control"""
p33476," ""gun control"""
p21187," ""gun control"""
p253668," ""gun control"""
p140383," ""gun control"""
p17886," ""gun control"""
p217115," ""gun control"""
p31804," ""gun control"""
p67036," ""gun control"""
p53339," ""gun control"""
p59793," ""gun control"""
p67076," ""gun control"""
p145176," ""gun control"""
p233941," ""gun control"""
p68926," ""gun control"""
p216119," ""gun control"""
p19891," ""gun control"""
p3621," ""gun control"""
p19985," ""gun control"""
p20011," ""gun control"""
p59736," ""gun control"""
p17904," ""gun control"""
p34357," ""gun control"""
p68902," ""gun control"""
p3036," ""gun control"""
p253676," ""gun control"""
p250132," ""gun control"""
p22412," ""gun control"""
p19791," ""gun control"""
p147448," ""gun control"""
p144866," ""gun control"""
p33524," ""gun control"""
p19701," ""gun control"""
p233996," ""gun control"""
p216191," ""gun control"""
p250016," ""gun control"""
p19581," ""gun control"""
p2972," ""gun control"""
p144026," ""gun control"""
p245697," ""gun control"""
p22352," ""gun control"""
p53409," ""gun control"""
p216152," ""gun control"""
p250068," ""gun control"""
p217139," ""gun control"""
p210672," ""gun control"""
p216380," ""gun control"""
p53224," ""gun control"""
p245833," ""gun control"""
p144631," ""gun control"""
p147394," ""gun control"""
p53245," ""gun control"""
p53373," ""gun control"""
p19681," ""gun control"""
p90932," ""gun control"""
p22406," ""gun control"""
p233723," ""gun control"""
p59718," ""gun control"""
p67004," ""gun control"""
p34002," ""gun control"""
p53109," ""gun control"""
p250440," ""gun control"""
p18417," ""gun control"""
p250184," ""gun control"""
p68953," ""gun control"""
p19619," ""gun control"""
p90920," ""gun control"""
p210668," ""gun control"""
p33438," ""gun control"""
p31882," ""gun control"""
p143956," ""gun control"""
p145036," ""gun control"""
p22292," ""gun control"""
p53251," ""gun control"""
p140404," ""gun control"""
p53103," ""gun control"""
p66936," ""gun control"""
p143886," ""gun control"""
p34011," ""gun control"""
p216347," ""gun control"""
p68923," ""gun control"""
p22376," ""gun control"""
p171850," ""gun control"""
p53276," ""gun control"""
p5321," ""gun control"""
p233945," ""gun control"""
p29340," ""gun control"""
p216335," ""gun control"""
p19963," ""gun control"""
p19989," ""gun control"""
p233975," ""gun control"""
p3725," ""gun control"""
p2974," ""gun control"""
p143796," ""gun control"""
p216251," ""gun control"""
p143766," ""gun control"""
p210657," ""gun control"""
p3920," ""gun control"""
p5307," ""gun control"""
p90968," ""gun control"""
p253677," ""gun control"""
p216407," ""gun control"""
p53387," ""gun control"""
p216302," ""gun control"""
p53215," ""gun control"""
p53313," ""gun control"""
p245799," ""gun control"""
p250628," ""gun control"""
p19785," ""gun control"""
p144801," ""gun control"""
p19905," ""gun control"""
p68950," ""gun control"""
p217147," ""gun control"""
p90986," ""gun control"""
p143791," ""gun control"""
p53099," ""gun control"""
p216134," ""gun control"""
p210671," ""gun control"""
p53307," ""gun control"""
p53117," ""gun control"""
p22445," ""gun control"""
p141039," ""gun control"""
p144256," ""gun control"""
p210696," ""gun control"""
p145201," ""gun control"""
p53360," ""gun control"""
p19997," ""gun control"""
p217121," ""gun control"""
p19765," ""gun control"""
p86733," ""gun control"""
p144186," ""gun control"""
p3647," ""gun control"""
p20081," ""gun control"""
p171847," ""gun control"""
p59868," ""gun control"""
p68909," ""gun control"""
p3426," ""gun control"""
p141046," ""gun control"""
p3998," ""gun control"""
p145271," ""gun control"""
p53159," ""gun control"""
p17760," ""gun control"""
p19663," ""gun control"""
p19599," ""gun control"""
p19719," ""gun control"""
p210679," ""gun control"""
p216395," ""gun control"""
p19919," ""gun control"""
p3013," ""gun control"""
p19751," ""gun control"""
p19981," ""gun control"""
p253672," ""gun control"""
p67052," ""gun control"""
p250632," ""gun control"""
p34016," ""gun control"""
p217167," ""gun control"""
p53352," ""gun control"""
p53153," ""gun control"""
p143721," ""gun control"""
p17607," ""gun control"""
p145466," ""gun control"""
p210728," ""gun control"""
p2970," ""gun control"""
p140425," ""gun control"""
p34013," ""gun control"""
p53297," ""gun control"""
p245711," ""gun control"""
p141056," ""gun control"""
p66904," ""gun control"""
p53328," ""gun control"""
p67120," ""gun control"""
p245649," ""gun control"""
p68921," ""gun control"""
p59859," ""gun control"""
p67028," ""gun control"""
p245859," ""gun control"""
p216287," ""gun control"""
p31858," ""gun control"""
p33542," ""gun control"""
p210709," ""gun control"""
p3153," ""gun control"""
p143711," ""gun control"""
p68966," ""gun control"""
p250844," ""gun control"""
p53411," ""gun control"""
p217107," ""gun control"""
p3777," ""gun control"""
p217131," ""gun control"""
p2996," ""gun control"""
p144906," ""gun control"""
p144531," ""gun control"""
p145301," ""gun control"""
p3842," ""gun control"""
p86717," ""gun control"""
p22155," ""gun control"""
p34019," ""gun control"""
p22271," ""gun control"""
p216239," ""gun control"""
p216314," ""gun control"""
p216209," ""gun control"""
p19559," ""gun control"""
p234012," ""gun control"""
p171904," ""gun control"""
p53367," ""gun control"""
p20107," ""gun control"""
p68912," ""gun control"""
p59829," ""gun control"""
p33467," ""gun control"""
p250264," ""gun control"""
p31050," ""gun control"""
p86735," ""gun control"""
p216104," ""gun control"""
p53248," ""gun control"""
p215993," ""gun control"""
p19739," ""gun control"""
p22286," ""gun control"""
p19567," ""gun control"""
p250012," ""gun control"""
p53335," ""gun control"""
p144571," ""gun control"""
p250056," ""gun control"""
p3009," ""gun control"""
p20095," ""gun control"""
p19839," ""gun control"""
p53374," ""gun control"""
p143951," ""gun control"""
p144876," ""gun control"""
p216203," ""gun control"""
p140397," ""gun control"""
p33558," ""gun control"""
p33504," ""gun control"""
p19673," ""gun control"""
p250548," ""gun control"""
p253694," ""gun control"""
p9279," ""gun control"""
p34347," ""gun control"""
p144681," ""gun control"""
p233737," ""gun control"""
p144941," ""gun control"""
p233963," ""gun control"""
p33515," ""gun control"""
p3361," ""gun control"""
p144696," ""gun control"""
p210719," ""gun control"""
p22197," ""gun control"""
p18009," ""gun control"""
p33517," ""gun control"""
p53141," ""gun control"""
p233957," ""gun control"""
p140439," ""gun control"""
p22400," ""gun control"""
p29323," ""gun control"""
p216383," ""gun control"""
p19667," ""gun control"""
p88460," ""gun control"""
p217177," ""gun control"""
p216161," ""gun control"""
p145306," ""gun control"""
p22159," ""gun control"""
p17676," ""gun control"""
p2986," ""gun control"""
p86739," ""gun control"""
p2992," ""gun control"""
p33522," ""gun control"""
p144371," ""gun control"""
p59703," ""gun control"""
p19929," ""gun control"""
p53340," ""gun control"""
p53366," ""gun control"""
p233960," ""gun control"""
p53398," ""gun control"""
p53341," ""gun control"""
p22364," ""gun control"""
p143996," ""gun control"""
p253682," ""gun control"""
p34358," ""gun control"""
p67108," ""gun control"""
p34338," ""gun control"""
p216374," ""gun control"""
p216122," ""gun control"""
p143696," ""gun control"""
p34021," ""gun control"""
p53289," ""gun control"""
p217163," ""gun control"""
p68896," ""gun control"""
p19957," ""gun control"""
p67032," ""gun control"""
p53380," ""gun control"""
p216332," ""gun control"""
p245845," ""gun control"""
p53182," ""gun control"""
p53089," ""gun control"""
p233974," ""gun control"""
p53327," ""gun control"""
p22247," ""gun control"""
p67016," ""gun control"""
p250764," ""gun control"""
p144506," ""gun control"""
p19549," ""gun control"""
p253680," ""gun control"""
p19899," ""gun control"""
p250004," ""gun control"""
p171916," ""gun control"""
p53131," ""gun control"""
p3006," ""gun control"""
p144641," ""gun control"""
p250072," ""gun control"""
p21816," ""gun control"""
p250748," ""gun control"""
p210670," ""gun control"""
p53397," ""gun control"""
p53451," ""gun control"""
p210661," ""gun control"""
p144536," ""gun control"""
p33429," ""gun control"""
p29336," ""gun control"""
p234018," ""gun control"""
p143771," ""gun control"""
p143801," ""gun control"""
p53423," ""gun control"""
p3933," ""gun control"""
p90962," ""gun control"""
p53302," ""gun control"""
p33466," ""gun control"""
p253653," ""gun control"""
p250584," ""gun control"""
p3673," ""gun control"""
p144491," ""gun control"""
p67096," ""gun control"""
p66928," ""gun control"""
p19711," ""gun control"""
p253663," ""gun control"""
p143831," ""gun control"""
p33554," ""gun control"""
p20033," ""gun control"""
p210652," ""gun control"""
p19649," ""gun control"""
p59742," ""gun control"""
p17895," ""gun control"""
p144576," ""gun control"""
p144776," ""gun control"""
p31060," ""gun control"""
p216323," ""gun control"""
p53125," ""gun control"""
p216137," ""gun control"""
p53269," ""gun control"""
p19911," ""gun control"""
p144286," ""gun control"""
p53452," ""gun control"""
p144851," ""gun control"""
p53288," ""gun control"""
p216326," ""gun control"""
p20103," ""gun control"""
p210692," ""gun control"""
p68914," ""gun control"""
p59724," ""gun control"""
p53147," ""gun control"""
p215987," ""gun control"""
p88472," ""gun control"""
p233999," ""gun control"""
p53315," ""gun control"""
p34024," ""gun control"""
p216296," ""gun control"""
p67000," ""gun control"""
p59814," ""gun control"""
p53266," ""gun control"""
